"Tedarikçi Stok Kodu","Barkod","Trendyol'da Satılacak Fiyat (KDV Dahil)","Ürün Stok Adedi","Komisyon Oranı","Model Kodu","Ürün Rengi","Beden","Boyut/Ebat","Cinsiyet","Marka","Kategori İsmi","Ürün Adı","Ürün Açıklaması","Piyasa Satış Fiyatı (KDV Dahil)","KDV Oranı","ÖTV Oranı","Desi","Görsel 1","Görsel 2","Görsel 3","Görsel 4","Görsel 5","Görsel 6","Görsel 7","Görsel 8","Sevkiyat Süresi","Sevkiyat Tipi","Parti/Lot/SKT Bilgisi","Durum","Durum Açıklaması","Trendyol.com Linki"
"TY8682798890553","TY8682798890553","799.9","10","21.5","5.465.489","Kırmızı","Tek Ebat","","Unisex","DEERDERİ","Kartlık","London Vintage Kartlık","- Basic koleksiyonun bir parçası olarak, günlük kullanım için ideal bir aksesuar.; - Yetişkinlerin şıklığını tamamlayacak, zamansız tasarımıyla dikkat çeken bir kartlık.; - Gerçek deri materyali sayesinde uzun ömürlü ve dayanıklı kullanım sunar.; - Kumaş tipi belirtilmemiş olup, deri kalitesinin ön plana çıktığı bir tasarıma sahiptir.; - Materyal bileşeni hakkında bilgi verilmemiş olsa da, hakiki deriden üretilmiştir.; - Türkiye'de üretilmiş olup, yerel işçiliği ve kalite standartlarını yansıtır.; - Düz deseniyle sade ve şık bir görünüm sağlar; her türlü kıyafetle kolayca uyum sağlar.; - Casual ortamlarda rahatlıkla tercih edilebilecek, günlük kullanım için uygundur.; - Unisex tasarımı ile hem kadınlar hem de erkekler tarafından rahatlıkla kullanılabilir.;","799.9","20","","0.0","https://cdn.dsmcdn.com/ty1789/prod/QC_PREP/20251112/16/114e6924-317c-3309-8ad1-bcc1df2fe1a7/1_org_zoom.jpg","https://cdn.dsmcdn.com/ty1790/prod/QC_PREP/20251112/16/76faf5ad-3564-3290-9245-d536588a78a1/1_org_zoom.jpg","https://cdn.dsmcdn.com/ty1789/prod/QC_PREP/20251112/16/f8286100-fc78-3188-9f58-e1d4b71e6ede/1_org_zoom.jpg","https://cdn.dsmcdn.com/ty1788/prod/QC_PREP/20251112/16/eac9a41b-b6c5-395b-8df5-89c7c0f6113f/1_org_zoom.jpg","https://cdn.dsmcdn.com/ty1788/prod/QC_PREP/20251112/16/86dc2e3c-a322-3244-b8cc-9512ee667547/1_org_zoom.jpg","https://cdn.dsmcdn.com/ty1788/prod/QC_PREP/20251112/16/cd8f0873-44b7-3039-ad6b-151ae666fb82/1_org_zoom.jpg","https://cdn.dsmcdn.com/ty1788/prod/QC_PREP/20251112/16/3ce44386-8b0d-3982-96f9-b4d86c586c1b/1_org_zoom.jpg","https://cdn.dsmcdn.com/ty1788/prod/QC_PREP/20251112/16/909acd78-9139-3f46-aa7d-f03d46674dcc/1_org_zoom.jpg","1","Bugün Kargoda","","","","https://www.trendyol.com/deerderi/london-vintage-kartlik-p-1048614409?merchantId=1155143&filterOverPriceListings=false"
"TY8682798890550","TY8682798890550","799.9","2","21.5","5.465.489","Lacivert","Tek Ebat","","Unisex","DEERDERİ","Kartlık","London Vintage Deri Kartlık","- Basic koleksiyonun bir parçası olarak, günlük kullanım için ideal bir aksesuar.; - Yetişkinlerin şıklığını tamamlayacak, zamansız tasarımıyla dikkat çeken bir kartlık.; - Gerçek deri materyali sayesinde uzun ömürlü ve dayanıklı kullanım sunar.; - Kumaş tipi belirtilmemiş olup, deri kalitesinin ön plana çıktığı bir tasarıma sahiptir.; - Materyal bileşeni hakkında bilgi verilmemiş olsa da, hakiki deriden üretilmiştir.; - Türkiye'de üretilmiş olup, yerel işçiliği ve kalite standartlarını yansıtır.; - Düz deseniyle sade ve şık bir görünüm sağlar; her türlü kıyafetle kolayca uyum sağlar.; - Casual ortamlarda rahatlıkla tercih edilebilecek, günlük kullanım için uygundur.; - Unisex tasarımı ile hem kadınlar hem de erkekler tarafından rahatlıkla kullanılabilir.;","799.9","20","","0.0","https://cdn.dsmcdn.com/ty1788/prod/QC_PREP/20251112/16/9a284dda-61c7-3619-a4c3-26d4428b52de/1_org_zoom.jpg","https://cdn.dsmcdn.com/ty1789/prod/QC_PREP/20251112/16/a347749e-82ef-3dd7-af7a-1f99f9006d65/1_org_zoom.jpg","https://cdn.dsmcdn.com/ty1789/prod/QC_PREP/20251112/16/e1a1028e-0ff9-363e-9c50-eba35acc558f/1_org_zoom.jpg","https://cdn.dsmcdn.com/ty1788/prod/QC_PREP/20251112/16/7467a116-548f-34ca-af29-f6b226e1bf81/1_org_zoom.jpg","https://cdn.dsmcdn.com/ty1788/prod/QC_PREP/20251112/16/0a438c14-4ef5-33e0-82b3-07608c8e153c/1_org_zoom.jpg","https://cdn.dsmcdn.com/ty1788/prod/QC_PREP/20251112/16/9da3c654-a556-36f9-aa27-40c5c490c6ee/1_org_zoom.jpg","https://cdn.dsmcdn.com/ty1789/prod/QC_PREP/20251112/16/16d64afa-ca98-38e2-a1bc-628ba05b73dd/1_org_zoom.jpg","https://cdn.dsmcdn.com/ty1790/prod/QC_PREP/20251112/16/76bc5155-84cd-32a8-9187-5a0abd9e665b/1_org_zoom.jpg","1","Bugün Kargoda","","","","https://www.trendyol.com/deerderi/london-vintage-deri-kartlik-p-1048614407?merchantId=1155143&filterOverPriceListings=false"
"TY8682798890551","TY8682798890551","799.9","5","21.5","5.465.489","Bordo","Tek Ebat","","Unisex","DEERDERİ","Kartlık","London Vintage Deri Kartlık","- Basic koleksiyonun bir parçası olarak, günlük kullanım için ideal bir aksesuar.; - Yetişkinlerin şıklığını tamamlayacak, zamansız tasarımıyla dikkat çeken bir kartlık.; - Gerçek deri materyali sayesinde uzun ömürlü ve dayanıklı kullanım sunar.; - Kumaş tipi belirtilmemiş olup, deri kalitesinin ön plana çıktığı bir tasarıma sahiptir.; - Materyal bileşeni hakkında bilgi verilmemiş olsa da, hakiki deriden üretilmiştir.; - Türkiye'de üretilmiş olup, yerel işçiliği ve kalite standartlarını yansıtır.; - Düz deseniyle sade ve şık bir görünüm sağlar; her türlü kıyafetle kolayca uyum sağlar.; - Casual ortamlarda rahatlıkla tercih edilebilecek, günlük kullanım için uygundur.; - Unisex tasarımı ile hem kadınlar hem de erkekler tarafından rahatlıkla kullanılabilir.;","799.9","20","","0.0","https://cdn.dsmcdn.com/ty1788/prod/QC_PREP/20251112/16/38584832-b156-33a5-b078-dbb87595d4d0/1_org_zoom.jpg","https://cdn.dsmcdn.com/ty1790/prod/QC_PREP/20251112/16/089c560b-b915-380b-9da7-fd3765dae3f7/1_org_zoom.jpg","https://cdn.dsmcdn.com/ty1788/prod/QC_PREP/20251112/16/04b8523c-1764-3413-9ed1-d7ee9f7e4bf4/1_org_zoom.jpg","https://cdn.dsmcdn.com/ty1788/prod/QC_PREP/20251112/16/2a13413d-f9b0-3376-a7a9-378459d24746/1_org_zoom.jpg","https://cdn.dsmcdn.com/ty1789/prod/QC_PREP/20251112/16/7e565a05-94c4-3747-9eeb-d7c37069a497/1_org_zoom.jpg","https://cdn.dsmcdn.com/ty1790/prod/QC_PREP/20251112/16/2323fa52-d662-3a36-ae7f-37226efb3f41/1_org_zoom.jpg","https://cdn.dsmcdn.com/ty1789/prod/QC_PREP/20251112/16/33c3f033-cb3c-38d1-a7a9-ac170b423d7a/1_org_zoom.jpg","https://cdn.dsmcdn.com/ty1788/prod/QC_PREP/20251112/16/7509232d-2c55-3039-b60b-6530c7aa0b22/1_org_zoom.jpg","1","Bugün Kargoda","","","","https://www.trendyol.com/deerderi/london-vintage-deri-kartlik-p-1048614402?merchantId=1155143&filterOverPriceListings=false"
"TY8682798890552","TY8682798890552","799.9","3","21.5","5.465.489","Haki","Tek Ebat","","Unisex","DEERDERİ","Kartlık","London Vintage Deri Kartlık","- Basic koleksiyonun bir parçası olarak, günlük kullanım için ideal bir aksesuar.; - Yetişkinlerin şıklığını tamamlayacak, zamansız tasarımıyla dikkat çeken bir kartlık.; - Gerçek deri materyali sayesinde uzun ömürlü ve dayanıklı kullanım sunar.; - Kumaş tipi belirtilmemiş olup, deri kalitesinin ön plana çıktığı bir tasarıma sahiptir.; - Materyal bileşeni hakkında bilgi verilmemiş olsa da, hakiki deriden üretilmiştir.; - Türkiye'de üretilmiş olup, yerel işçiliği ve kalite standartlarını yansıtır.; - Düz deseniyle sade ve şık bir görünüm sağlar; her türlü kıyafetle kolayca uyum sağlar.; - Casual ortamlarda rahatlıkla tercih edilebilecek, günlük kullanım için uygundur.; - Unisex tasarımı ile hem kadınlar hem de erkekler tarafından rahatlıkla kullanılabilir.;","799.9","20","","0.0","https://cdn.dsmcdn.com/ty1789/prod/QC_PREP/20251112/16/7550ab8e-d6e8-38ad-8000-a9f42f521b37/1_org_zoom.jpg","https://cdn.dsmcdn.com/ty1788/prod/QC_PREP/20251112/16/877d11be-9a0d-38b8-9c08-53a1c3487be4/1_org_zoom.jpg","https://cdn.dsmcdn.com/ty1789/prod/QC_PREP/20251112/16/ca611c0a-d215-3991-919b-b3ffca6b2527/1_org_zoom.jpg","https://cdn.dsmcdn.com/ty1790/prod/QC_PREP/20251112/16/b7323564-6cdd-31e4-866f-11cba51ace44/1_org_zoom.jpg","https://cdn.dsmcdn.com/ty1789/prod/QC_PREP/20251112/16/feb896e1-54a4-3ed4-97c4-f6aa4d7df931/1_org_zoom.jpg","https://cdn.dsmcdn.com/ty1788/prod/QC_PREP/20251112/16/4b1730e9-f89e-37b7-8e9d-e338a34c43e1/1_org_zoom.jpg","https://cdn.dsmcdn.com/ty1790/prod/QC_PREP/20251112/16/1a77a33f-a3f1-335d-ad6b-932b082c1725/1_org_zoom.jpg","https://cdn.dsmcdn.com/ty1788/prod/QC_PREP/20251112/16/19cecb0a-5f9c-35db-9059-9a96f78209ff/1_org_zoom.jpg","1","Bugün Kargoda","","","","https://www.trendyol.com/deerderi/london-vintage-deri-kartlik-p-1048614302?merchantId=1155143&filterOverPriceListings=false"
"TY8682798890554","TY8682798890554","799.9","8","21.5","5.465.489","Gri","Tek Ebat","","Unisex","DEERDERİ","Kartlık","London Vintage Kartlık","- Basic koleksiyonun bir parçası olarak, günlük kullanım için ideal bir aksesuar.; - Yetişkinlerin şıklığını tamamlayacak, zamansız tasarımıyla dikkat çeken bir kartlık.; - Gerçek deri materyali sayesinde uzun ömürlü ve dayanıklı kullanım sunar.; - Kumaş tipi belirtilmemiş olup, deri kalitesinin ön plana çıktığı bir tasarıma sahiptir.; - Materyal bileşeni hakkında bilgi verilmemiş olsa da, hakiki deriden üretilmiştir.; - Türkiye'de üretilmiş olup, yerel işçiliği ve kalite standartlarını yansıtır.; - Düz deseniyle sade ve şık bir görünüm sağlar; her türlü kıyafetle kolayca uyum sağlar.; - Casual ortamlarda rahatlıkla tercih edilebilecek, günlük kullanım için uygundur.; - Unisex tasarımı ile hem kadınlar hem de erkekler tarafından rahatlıkla kullanılabilir.;","799.9","20","","0.0","https://cdn.dsmcdn.com/ty1790/prod/QC_PREP/20251112/16/199bb581-794c-3017-a54a-a8d95e0410e8/1_org_zoom.jpg","https://cdn.dsmcdn.com/ty1790/prod/QC_PREP/20251112/16/165262bd-2dcc-30db-a41a-51104b91b1a2/1_org_zoom.jpg","https://cdn.dsmcdn.com/ty1788/prod/QC_PREP/20251112/16/7e4f7597-d78f-3a98-acef-a70398468013/1_org_zoom.jpg","https://cdn.dsmcdn.com/ty1788/prod/QC_PREP/20251112/16/22f3bf85-b441-3b6c-8219-c2e086709d98/1_org_zoom.jpg","https://cdn.dsmcdn.com/ty1789/prod/QC_PREP/20251112/16/3627c156-77e5-3020-9bbf-d43f6fe3136e/1_org_zoom.jpg","https://cdn.dsmcdn.com/ty1788/prod/QC_PREP/20251112/16/68df3931-ebb3-3f89-bb76-e4aed22e39c7/1_org_zoom.jpg","https://cdn.dsmcdn.com/ty1788/prod/QC_PREP/20251112/16/e8e8c146-af05-35da-ab25-27660a10a7b5/1_org_zoom.jpg","https://cdn.dsmcdn.com/ty1790/prod/QC_PREP/20251112/16/d9f4f96d-d8bb-3ad0-b0eb-3968d69336a5/1_org_zoom.jpg","1","Bugün Kargoda","","","","https://www.trendyol.com/deerderi/london-vintage-kartlik-p-1048614254?merchantId=1155143&filterOverPriceListings=false"
"TY8682798890547","TY8682798890547","499.9","39","21.5","5.465.485","Kahverengi","Tek Ebat","","Unisex","DEERDERİ","Kartlık","Kaos Hakiki Deri Kartlık","TSE standartlarında Türkiye’de el işçiliğiyle titizlilikle üretilmiştir.; ; Tüm ürünlerimiz birinci sınıf deriden üretilmiş olup yırtılmalara karşı dayanıklıdır.; ; 2 adet kart bölmesi, 1 adet mekanizması mevcuttur.; ; 9.5 cm × 6.5 cm ölçülerine sahiptir.; ; Deri yüzeyindeki ton farklılıkları ve gözenek lekeleri, gerçek derinin doğal yapısından kaynaklanmaktadır.; ; Ürünlerimiz, özel Premium kutusunda veya alternatifli olarak hediye paketi ile gönderilmektedir.; ;","499.9","20","","0.0","https://cdn.dsmcdn.com/ty1790/prod/QC_PREP/20251112/15/f167c85b-6d8b-38b8-b7ff-1fdc6927b0a7/1_org_zoom.jpg","https://cdn.dsmcdn.com/ty1790/prod/QC_PREP/20251112/15/a21918f4-7645-3268-ab3a-f9132b77815c/1_org_zoom.jpg","https://cdn.dsmcdn.com/ty1790/prod/QC_PREP/20251112/15/b1e92016-be93-378d-a9b8-826914b0622d/1_org_zoom.jpg","https://cdn.dsmcdn.com/ty1788/prod/QC_PREP/20251112/15/8adc4312-c825-302c-bc1c-f435580bdd31/1_org_zoom.jpg","https://cdn.dsmcdn.com/ty1789/prod/QC_PREP/20251112/15/289bcc2a-8f5e-3156-9353-b5611ea37c6b/1_org_zoom.jpg","https://cdn.dsmcdn.com/ty1788/prod/QC_PREP/20251112/15/2cf34347-c1df-3cb3-9c69-fa647a572525/1_org_zoom.jpg","https://cdn.dsmcdn.com/ty1790/prod/QC_PREP/20251112/15/25a8c1da-df24-35ed-b9c6-10312afd4247/1_org_zoom.jpg","","1","Bugün Kargoda","","","","https://www.trendyol.com/deerderi/kaos-hakiki-deri-kartlik-p-1048601390?merchantId=1155143&filterOverPriceListings=false"
"TY8682798890549","TY8682798890549","499.9","30","21.5","5.465.485","Lacivert","Tek Ebat","","Unisex","DEERDERİ","Kartlık","Kaos Hakiki Deri Kartlık","TSE standartlarında Türkiye’de el işçiliğiyle titizlilikle üretilmiştir.; ; Tüm ürünlerimiz birinci sınıf deriden üretilmiş olup yırtılmalara karşı dayanıklıdır.; ; 2 adet kart bölmesi, 1 adet mekanizması mevcuttur.; ; 9.5 cm × 6.5 cm ölçülerine sahiptir.; ; Deri yüzeyindeki ton farklılıkları ve gözenek lekeleri, gerçek derinin doğal yapısından kaynaklanmaktadır.; ; Ürünlerimiz, özel Premium kutusunda veya alternatifli olarak hediye paketi ile gönderilmektedir.; ;","499.9","20","","0.0","https://cdn.dsmcdn.com/ty1788/prod/QC_PREP/20251112/15/f99b88c0-4e9c-3bcf-9301-da86a39165da/1_org_zoom.jpg","https://cdn.dsmcdn.com/ty1789/prod/QC_PREP/20251112/15/9d7e3e02-ce68-324f-b42e-082fde1a68af/1_org_zoom.jpg","https://cdn.dsmcdn.com/ty1789/prod/QC_PREP/20251112/15/03bec55b-5b96-3b04-8f4e-43e2671979f3/1_org_zoom.jpg","https://cdn.dsmcdn.com/ty1788/prod/QC_PREP/20251112/15/8c00e385-4fca-3e48-a0ab-3323525ec3a7/1_org_zoom.jpg","https://cdn.dsmcdn.com/ty1788/prod/QC_PREP/20251112/15/78f46c37-2b02-3f2d-bab3-c0ee7f4b05ce/1_org_zoom.jpg","https://cdn.dsmcdn.com/ty1789/prod/QC_PREP/20251112/15/8d96b2f3-31bc-3ade-8afb-85517c89cff4/1_org_zoom.jpg","https://cdn.dsmcdn.com/ty1788/prod/QC_PREP/20251112/15/6ec6ddc2-88cc-363e-8d42-566f2447a684/1_org_zoom.jpg","","1","Bugün Kargoda","","","","https://www.trendyol.com/deerderi/kaos-hakiki-deri-kartlik-p-1048601374?merchantId=1155143&filterOverPriceListings=false"
"TY8682798890548","TY8682798890548","499.9","49","21.5","5.465.485","Siyah","Tek Ebat","","Unisex","DEERDERİ","Kartlık","Kaos Hakiki Deri Kartlık","TSE standartlarında Türkiye’de el işçiliğiyle titizlilikle üretilmiştir.; ; Tüm ürünlerimiz birinci sınıf deriden üretilmiş olup yırtılmalara karşı dayanıklıdır.; ; 2 adet kart bölmesi, 1 adet mekanizması mevcuttur.; ; 9.5 cm × 6.5 cm ölçülerine sahiptir.; ; Deri yüzeyindeki ton farklılıkları ve gözenek lekeleri, gerçek derinin doğal yapısından kaynaklanmaktadır.; ; Ürünlerimiz, özel Premium kutusunda veya alternatifli olarak hediye paketi ile gönderilmektedir.; ;","499.9","20","","0.0","https://cdn.dsmcdn.com/ty1789/prod/QC_PREP/20251112/15/cccf3ac3-6c13-3e4b-a649-e083a367edf3/1_org_zoom.jpg","https://cdn.dsmcdn.com/ty1788/prod/QC_PREP/20251112/15/72e18f3d-df9f-3ffd-b5af-dc59897341e3/1_org_zoom.jpg","https://cdn.dsmcdn.com/ty1789/prod/QC_PREP/20251112/15/62d03f2f-9efd-399a-b86b-49787d1f9faa/1_org_zoom.jpg","https://cdn.dsmcdn.com/ty1789/prod/QC_PREP/20251112/15/34591b37-bc45-3183-87a5-ac9d23f5208c/1_org_zoom.jpg","https://cdn.dsmcdn.com/ty1790/prod/QC_PREP/20251112/15/0cf28238-056b-3657-90dd-2fa4e9be5c00/1_org_zoom.jpg","https://cdn.dsmcdn.com/ty1788/prod/QC_PREP/20251112/15/d92b7cf5-8e78-34a5-9b6a-85810f44a1ae/1_org_zoom.jpg","https://cdn.dsmcdn.com/ty1790/prod/QC_PREP/20251112/15/ead81151-7a7c-34b9-b5c4-db097b38da66/1_org_zoom.jpg","","1","Bugün Kargoda","","","","https://www.trendyol.com/deerderi/kaos-hakiki-deri-kartlik-p-1048601281?merchantId=1155143&filterOverPriceListings=false"
"TY8682798890544","TY8682798890544","999.9","7","21.5","5.465.482","Taba","Tek Ebat","","Unisex","DEERDERİ","Kartlık","Jüpiter Vintage Cüzdan Kartlık","","999.9","20","","0.0","https://cdn.dsmcdn.com/ty1790/prod/QC_PREP/20251112/15/c50dd7aa-347d-37f2-865f-bf4c524177a5/1_org_zoom.jpg","https://cdn.dsmcdn.com/ty1789/prod/QC_PREP/20251112/15/4f58258a-ee7a-3afd-9cad-909bd12a09aa/1_org_zoom.jpg","https://cdn.dsmcdn.com/ty1790/prod/QC_PREP/20251112/15/2fb04031-8942-35b5-a180-b8b7bc28aa6c/1_org_zoom.jpg","https://cdn.dsmcdn.com/ty1789/prod/QC_PREP/20251112/15/a7b83366-849b-3cb1-952f-5243e9996bc3/1_org_zoom.jpg","https://cdn.dsmcdn.com/ty1789/prod/QC_PREP/20251112/15/3baeb11c-ed7a-3fd1-994d-7f4fa9a1b941/1_org_zoom.jpg","","","","1","Bugün Kargoda","","","","https://www.trendyol.com/deerderi/jupiter-vintage-cuzdan-kartlik-p-1048580311?merchantId=1155143&filterOverPriceListings=false"
"TY8682798890545","TY8682798890545","999.9","20","21.5","5.465.482","Kahverengi","Tek Ebat","","Unisex","DEERDERİ","Kartlık","Jüpiter Vintage Cüzdan Kartlık","","999.9","20","","0.0","https://cdn.dsmcdn.com/ty1788/prod/QC_PREP/20251112/15/910e4733-6e67-3e09-9004-e9b62fea1e11/1_org_zoom.jpg","https://cdn.dsmcdn.com/ty1790/prod/QC_PREP/20251112/15/977b195b-7121-3a1d-a86a-52eb31e6e02a/1_org_zoom.jpg","https://cdn.dsmcdn.com/ty1789/prod/QC_PREP/20251112/15/96f81cf8-7b0f-30d3-96d2-84411195a831/1_org_zoom.jpg","https://cdn.dsmcdn.com/ty1789/prod/QC_PREP/20251112/15/60c93a19-8772-390e-85e7-1764a09cf410/1_org_zoom.jpg","https://cdn.dsmcdn.com/ty1788/prod/QC_PREP/20251112/15/aa4162a8-7a9d-3ac0-afca-1627b84e9bb1/1_org_zoom.jpg","","","","1","Bugün Kargoda","","","","https://www.trendyol.com/deerderi/jupiter-vintage-cuzdan-kartlik-p-1048580302?merchantId=1155143&filterOverPriceListings=false"
"TY8682798890546","TY8682798890546","999.9","2","21.5","5.465.482","Bordo","Tek Ebat","","Unisex","DEERDERİ","Kartlık","Jüpiter Vintage Cüzdan Kartlık","","999.9","20","","0.0","https://cdn.dsmcdn.com/ty1790/prod/QC_PREP/20251112/15/61a8823a-6473-3429-8978-daa6d36ff140/1_org_zoom.jpg","https://cdn.dsmcdn.com/ty1789/prod/QC_PREP/20251112/15/7a8bc524-d8a3-3a95-b782-0dfa0c71e2fb/1_org_zoom.jpg","https://cdn.dsmcdn.com/ty1789/prod/QC_PREP/20251112/15/9774c1c4-b4a0-39ad-9812-24a68de7e1c5/1_org_zoom.jpg","https://cdn.dsmcdn.com/ty1789/prod/QC_PREP/20251112/15/6840ea8c-c913-3cb4-a27f-69c7eb7b97a5/1_org_zoom.jpg","https://cdn.dsmcdn.com/ty1790/prod/QC_PREP/20251112/15/9b46b1a3-a326-3926-bb79-9ee807acbefd/1_org_zoom.jpg","","","","1","Bugün Kargoda","","","","https://www.trendyol.com/deerderi/jupiter-vintage-cuzdan-kartlik-p-1048580300?merchantId=1155143&filterOverPriceListings=false"
"TY8682798890543","TY8682798890543","999.9","44","21.5","5.465.482","Siyah","Tek Ebat","","Unisex","DEERDERİ","Kartlık","Jüpiter Vintage Cüzdan Kartlık","","999.9","20","","0.0","https://cdn.dsmcdn.com/ty1789/prod/QC_PREP/20251112/15/764b703c-86f5-3552-8f29-5a8acdf29ceb/1_org_zoom.jpg","https://cdn.dsmcdn.com/ty1789/prod/QC_PREP/20251112/15/aab31c71-ba7c-3cc0-8751-b2c2059e1047/1_org_zoom.jpg","https://cdn.dsmcdn.com/ty1788/prod/QC_PREP/20251112/15/3ba9718b-77ab-3acf-9675-396ef6bfb381/1_org_zoom.jpg","https://cdn.dsmcdn.com/ty1788/prod/QC_PREP/20251112/15/e2eeb5bd-192a-3940-8b12-9a10fca3634c/1_org_zoom.jpg","https://cdn.dsmcdn.com/ty1788/prod/QC_PREP/20251112/15/9804d0e6-de54-316a-b7f9-c335ccc1f3c5/1_org_zoom.jpg","","","","1","Bugün Kargoda","","","","https://www.trendyol.com/deerderi/jupiter-vintage-cuzdan-kartlik-p-1048580284?merchantId=1155143&filterOverPriceListings=false"
"TY8682798890539","TY8682798890539","999.9","15","21.5","5.465.478","Lacivert","Tek Ebat","","Unisex","DEERDERİ","Cüzdan","Hypnos Hakiki Deri Telefon Bölmeli Portföy Cüzdan","","999.9","20","","0.0","https://cdn.dsmcdn.com/ty1785/prod/QC_PREP/20251111/09/5ef2fb87-57f7-3b05-8414-079ac0d7e4b1/1_org_zoom.jpg","https://cdn.dsmcdn.com/ty1786/prod/QC_PREP/20251111/09/fe49c594-fe93-3f3c-8167-4ca5aa84938b/1_org_zoom.jpg","https://cdn.dsmcdn.com/ty1787/prod/QC_PREP/20251111/09/d8811a2d-91fa-344e-8dec-c47f8ef39748/1_org_zoom.jpg","https://cdn.dsmcdn.com/ty1787/prod/QC_PREP/20251111/09/668395e9-d028-321e-9ab4-e101c22fb91c/1_org_zoom.jpg","","","","","1","Bugün Kargoda","","","","https://www.trendyol.com/deerderi/hypnos-hakiki-deri-telefon-bolmeli-portfoy-cuzdan-p-1047556817?merchantId=1155143&filterOverPriceListings=false"
"TY8682798890540","TY8682798890540","999.9","7","21.5","5.465.478","Bordo","Tek Ebat","","Unisex","DEERDERİ","Cüzdan","Hypnos Hakiki Deri Telefon Bölmeli Portföy Cüzdan","","999.9","20","","0.0","https://cdn.dsmcdn.com/ty1786/prod/QC_PREP/20251111/09/9c3626a5-e889-349b-bada-bb99c9abd676/1_org_zoom.jpg","https://cdn.dsmcdn.com/ty1787/prod/QC_PREP/20251111/09/63595125-24fd-3844-9ae3-182e21624d94/1_org_zoom.jpg","https://cdn.dsmcdn.com/ty1785/prod/QC_PREP/20251111/09/8aecaf69-6128-332b-bb5b-a9314f4f9ebd/1_org_zoom.jpg","https://cdn.dsmcdn.com/ty1786/prod/QC_PREP/20251111/09/b8efa11b-c786-356c-90d8-69ebe3f07a53/1_org_zoom.jpg","","","","","1","Bugün Kargoda","","","","https://www.trendyol.com/deerderi/hypnos-hakiki-deri-telefon-bolmeli-portfoy-cuzdan-p-1047556766?merchantId=1155143&filterOverPriceListings=false"
"TY8682798890542","TY8682798890542","999.9","2","21.5","5.465.478","Kahverengi","Tek Ebat","","Unisex","DEERDERİ","Cüzdan","Hypnos Hakiki Deri Telefon Bölmeli Portföy Cüzdan","","999.9","20","","0.0","https://cdn.dsmcdn.com/ty1787/prod/QC_PREP/20251111/09/a93f6eaf-b610-37a9-8eb8-8292fc3c880a/1_org_zoom.jpg","https://cdn.dsmcdn.com/ty1785/prod/QC_PREP/20251111/09/69713021-6c2d-3a7e-afda-a75fada71ce0/1_org_zoom.jpg","https://cdn.dsmcdn.com/ty1786/prod/QC_PREP/20251111/09/7854eb78-9029-398c-8ab4-cc9a95577aad/1_org_zoom.jpg","https://cdn.dsmcdn.com/ty1785/prod/QC_PREP/20251111/09/deb38452-614d-3130-a317-6942d3205042/1_org_zoom.jpg","","","","","1","Bugün Kargoda","","","","https://www.trendyol.com/deerderi/hypnos-hakiki-deri-telefon-bolmeli-portfoy-cuzdan-p-1047556404?merchantId=1155143&filterOverPriceListings=false"
"TY8682798890536","TY8682798890536","1999.9","7","21.5","5.465.475","Siyah","Tek Ebat","","Unisex","DEERDERİ","El Çantası","Hestia Hakiki & Vintage Deri El Çantası","","1999.9","10","","0.0","https://cdn.dsmcdn.com/ty1785/prod/QC_PREP/20251111/09/fb4104da-a312-35d3-ba4b-351f878eb005/1_org_zoom.jpg","https://cdn.dsmcdn.com/ty1787/prod/QC_PREP/20251111/09/5bea21f5-8918-339e-a5c5-1a5f8a1ef620/1_org_zoom.jpg","https://cdn.dsmcdn.com/ty1785/prod/QC_PREP/20251111/09/e006f182-cc46-3b54-a03e-550a34f3ccfa/1_org_zoom.jpg","https://cdn.dsmcdn.com/ty1786/prod/QC_PREP/20251111/09/a2ef3cc7-3945-3b70-97df-4871ac84f07b/1_org_zoom.jpg","https://cdn.dsmcdn.com/ty1785/prod/QC_PREP/20251111/09/73001f3f-d40c-36a9-8eb4-60a34a68197a/1_org_zoom.jpg","","","","1","Bugün Kargoda","","","","https://www.trendyol.com/deerderi/hestia-hakiki-vintage-deri-el-cantasi-p-1047545228?merchantId=1155143&filterOverPriceListings=false"
"TY8682798890538","TY8682798890538","1999.9","4","21.5","5.465.475","Kahverengi","Tek Ebat","","Unisex","DEERDERİ","El Çantası","Hestia Hakiki & Vintage Deri El Çantası","","1999.9","10","","0.0","https://cdn.dsmcdn.com/ty1785/prod/QC_PREP/20251111/09/bf34bb4e-43e0-322a-8956-b29c6c459703/1_org_zoom.jpg","https://cdn.dsmcdn.com/ty1787/prod/QC_PREP/20251111/09/d56c19fe-af81-352c-ac35-1f0ba2a68c17/1_org_zoom.jpg","https://cdn.dsmcdn.com/ty1785/prod/QC_PREP/20251111/09/ce5cc32b-2a3a-3457-b8ed-892bbea40781/1_org_zoom.jpg","https://cdn.dsmcdn.com/ty1787/prod/QC_PREP/20251111/09/170ac3b7-2758-3e99-ba09-485dce3cbb56/1_org_zoom.jpg","https://cdn.dsmcdn.com/ty1787/prod/QC_PREP/20251111/09/207a6c6b-824f-3244-980b-61fc27f7237e/1_org_zoom.jpg","","","","1","Bugün Kargoda","","","","https://www.trendyol.com/deerderi/hestia-hakiki-vintage-deri-el-cantasi-p-1047545162?merchantId=1155143&filterOverPriceListings=false"
"TY8682798890535","TY8682798890535","2999.9","1","21.5","5.465.473","Lacivert","Standart","","Unisex","DEERDERİ","Omuz Çantası","Hermes Hakiki Deri Omuz Çantası","","2999.9","10","","0.0","https://cdn.dsmcdn.com/ty1786/prod/QC_PREP/20251110/17/74156bbb-f411-3185-9423-fe0590748f47/1_org_zoom.jpg","https://cdn.dsmcdn.com/ty1786/prod/QC_PREP/20251110/17/947f6827-3d73-3272-befa-dcea80693b0f/1_org_zoom.jpg","https://cdn.dsmcdn.com/ty1786/prod/QC_PREP/20251110/17/1500f40c-ccef-3eff-bb24-fa0354c544cd/1_org_zoom.jpg","https://cdn.dsmcdn.com/ty1786/prod/QC_PREP/20251110/17/77be55ef-d48f-362b-8cba-c7252f7a7f31/1_org_zoom.jpg","","","","","1","Bugün Kargoda","","","","https://www.trendyol.com/deerderi/hermes-hakiki-deri-omuz-cantasi-p-1047205878?merchantId=1155143&filterOverPriceListings=false"
"TY8682798890533","TY8682798890533","1499.9","5","21.5","5.465.470","Taba","Tek Ebat","","Kadın / Kız","DEERDERİ","Bel Çantası","Aristalos Vintage Askılı Telefon Çantası","","1499.9","10","","0.0","https://cdn.dsmcdn.com/ty1787/prod/QC_PREP/20251110/17/bf41a081-68a5-3eeb-b61e-cf67575f758a/1_org_zoom.jpg","https://cdn.dsmcdn.com/ty1786/prod/QC_PREP/20251110/17/3e233f5b-ac3e-32de-aeab-22a9f0f98698/1_org_zoom.jpg","https://cdn.dsmcdn.com/ty1785/prod/QC_PREP/20251110/17/6b712b5c-49dc-3e53-b666-085257851e2f/1_org_zoom.jpg","","","","","","1","Bugün Kargoda","","","","https://www.trendyol.com/deerderi/aristalos-vintage-askili-telefon-cantasi-p-1047202557?merchantId=1155143&filterOverPriceListings=false"
"TY8684894949107","TY8684894949107","999.9","2","28.0","DD123479","Kahverengi","Tek Ebat","","","DEERDERİ","Kapak & Kılıf","Pandor İphone Hakiki Deri Telefon Kılıfı Iphone 13 Pro Max","","999.9","20","","0.0","https://cdn.dsmcdn.com/ty1782/prod/QC_PREP/20251103/15/50b04410-9e18-367d-8831-d5303143a534/1_org_zoom.jpg","https://cdn.dsmcdn.com/ty1783/prod/QC_PREP/20251103/15/1720340e-ce1b-321e-a2df-7e8e3341ea6c/1_org_zoom.jpg","https://cdn.dsmcdn.com/ty1782/prod/QC_PREP/20251103/15/90a72a2d-1e5d-3aa8-a3dd-533d092fc5e5/1_org_zoom.jpg","https://cdn.dsmcdn.com/ty1783/prod/QC_PREP/20251103/15/35eafdde-62bf-3f28-90a6-dbf719cc88ab/1_org_zoom.jpg","https://cdn.dsmcdn.com/ty1784/prod/QC_PREP/20251103/15/2dc983fc-da17-30b8-a320-24b0ddaac6dd/1_org_zoom.jpg","","","","1","Bugün Kargoda","","","","https://www.trendyol.com/deerderi/pandor-iphone-hakiki-deri-telefon-kilifi-iphone-13-pro-max-p-1044161881?merchantId=1155143&filterOverPriceListings=false"
"TY8684894949108","TY8684894949108","999.9","2","28.0","DD123479","Siyah","Tek Ebat","","","DEERDERİ","Kapak & Kılıf","Pandor İphone Hakiki Deri Telefon Kılıfı Iphone 13 Pro Max","","999.9","20","","0.0","https://cdn.dsmcdn.com/ty1782/prod/QC_PREP/20251103/15/c5713c0a-658b-307a-a3dd-32701cce9a09/1_org_zoom.jpg","https://cdn.dsmcdn.com/ty1784/prod/QC_PREP/20251103/15/054da103-4f25-3fd5-8bee-b0c257fa739c/1_org_zoom.jpg","https://cdn.dsmcdn.com/ty1783/prod/QC_PREP/20251103/15/099e2cf4-9a8d-377a-a226-3bf1f8ba8ea9/1_org_zoom.jpg","https://cdn.dsmcdn.com/ty1784/prod/QC_PREP/20251103/15/ce9c762f-3675-3304-82cf-fefeef3ba4d7/1_org_zoom.jpg","https://cdn.dsmcdn.com/ty1783/prod/QC_PREP/20251103/15/98464071-ff11-3d59-b9cd-623201b0f7ef/1_org_zoom.jpg","https://cdn.dsmcdn.com/ty1784/prod/QC_PREP/20251103/15/e52721c5-bb08-34a8-bd99-814e6cd53ba5/1_org_zoom.jpg","https://cdn.dsmcdn.com/ty1783/prod/QC_PREP/20251103/15/73a3b1ca-bcaa-3e31-9c8f-fe5db72188d8/1_org_zoom.jpg","https://cdn.dsmcdn.com/ty1783/prod/QC_PREP/20251103/15/adf161d8-5c2f-330b-860c-f5b0fc5fe48f/1_org_zoom.jpg","1","Bugün Kargoda","","","","https://www.trendyol.com/deerderi/pandor-iphone-hakiki-deri-telefon-kilifi-iphone-13-pro-max-p-1044161880?merchantId=1155143&filterOverPriceListings=false"
"TY8684894949115","TY8684894949115","499.9","5","28.0","DD123487","Kahverengi","Tek Ebat","","","DEERDERİ","Kapak & Kılıf","Kartlıklı Tutacaklı İphone Hakiki Deri Koruyucu Kılıf Iphone 16 Pro Max","- Yüksek kaliteli hakiki deri malzemesi ile üretilmiş, iPhone 16 Pro Max modelinize mükemmel uyum sağlar.; - Apple marka telefonlarınız için özel olarak tasarlanmış, telefonunuzu tam koruma altına alan bir kılıftır.; - Türkiye'de üretilen bu kılıf, yerel işçiliği destekler ve kaliteli işçilikle öne çıkar.; - Kartlıklı tasarımı sayesinde kartlarınızı güvenle taşıyabilir ve telefonunuzu pratik bir şekilde kullanabilirsiniz.; - Tutacaklı yapısı ile telefonunuzu kolayca tutabilir ve kayma riskini azaltarak güvenli bir kullanım sunar.;","499.9","20","","0.0","https://cdn.dsmcdn.com/ty1783/prod/QC_PREP/20251103/15/413f0c2b-57b0-3913-8ccf-078640f1f4c1/1_org_zoom.jpg","https://cdn.dsmcdn.com/ty1782/prod/QC_PREP/20251103/15/7f57689e-ae08-3567-90a1-39d5ca50ce05/1_org_zoom.jpg","https://cdn.dsmcdn.com/ty1782/prod/QC_PREP/20251103/15/e1efdfd9-a9d8-3611-ac2a-14e979712a79/1_org_zoom.jpg","","","","","","1","Bugün Kargoda","","","","https://www.trendyol.com/deerderi/kartlikli-tutacakli-iphone-hakiki-deri-koruyucu-kilif-iphone-16-pro-max-p-1044158614?merchantId=1155143&filterOverPriceListings=false"
"TY8684894949113","TY8684894949113","499.9","5","28.0","DD123484","Gri","Tek Ebat","","","DEERDERİ","Kapak & Kılıf","Kartlıklı Tutacaklı İphone Hakiki Deri Koruyucu Kılıf Iphone 16","- Hakiki deri malzemesi ile üretilmiş, dayanıklılığı ve şık görünümüyle öne çıkan iPhone 16 kılıf.; - Apple marka telefonlarla tam uyumlu tasarım, telefonunuzu mükemmel bir şekilde sarar ve korur.; - iPhone 16 modeli için özel olarak tasarlanmış, telefonunuzun tüm özelliklerine erişim sağlayan ergonomik yapıda.; - Türkiye'de üretilen bu kılıf, yerel üretimle desteklenen kalite ve güvenilirliği temsil eder.;","499.9","20","","0.0","https://cdn.dsmcdn.com/ty1783/prod/QC_PREP/20251103/15/449b9fdd-b72a-340e-a7bf-82cd22553060/1_org_zoom.jpg","https://cdn.dsmcdn.com/ty1783/prod/QC_PREP/20251103/15/dd27a878-6127-3dd1-9e88-870944a0b772/1_org_zoom.jpg","https://cdn.dsmcdn.com/ty1783/prod/QC_PREP/20251103/15/739766cd-cf7f-3b15-b799-f35f36fae7eb/1_org_zoom.jpg","","","","","","1","Bugün Kargoda","","","","https://www.trendyol.com/deerderi/kartlikli-tutacakli-iphone-hakiki-deri-koruyucu-kilif-iphone-16-p-1044150254?merchantId=1155143&filterOverPriceListings=false"
"TY8684894949124","TY8684894949124","499.9","5","28.0","DD123484","Lacivert","Tek Ebat","","","DEERDERİ","Kapak & Kılıf","Kartlıklı Tutacaklı İphone Hakiki Deri Koruyucu Kılıf Iphone 16","- Hakiki deri malzemesi ile üretilmiş, dayanıklılığı ve şık görünümüyle öne çıkan iPhone 16 kılıf.; - Apple marka telefonlarla tam uyumlu tasarım, telefonunuzu mükemmel bir şekilde sarar ve korur.; - iPhone 16 modeli için özel olarak tasarlanmış, telefonunuzun tüm özelliklerine erişim sağlayan ergonomik yapıda.; - Türkiye'de üretilen bu kılıf, yerel üretimle desteklenen kalite ve güvenilirliği temsil eder.;","499.9","20","","0.0","https://cdn.dsmcdn.com/ty1782/prod/QC_PREP/20251103/15/63ee460d-56f1-347f-8bac-39f65526f5b9/1_org_zoom.jpg","https://cdn.dsmcdn.com/ty1783/prod/QC_PREP/20251103/15/cd1d7b15-ef2e-3a4f-953c-c5c918fca6a9/1_org_zoom.jpg","https://cdn.dsmcdn.com/ty1783/prod/QC_PREP/20251103/15/cffa8162-e614-3d88-a498-6e0ac5a9f94e/1_org_zoom.jpg","","","","","","1","Bugün Kargoda","","","","https://www.trendyol.com/deerderi/kartlikli-tutacakli-iphone-hakiki-deri-koruyucu-kilif-iphone-16-p-1044150243?merchantId=1155143&filterOverPriceListings=false"
"TY8684894949112","TY8684894949112","499.9","5","28.0","DD123484","Kahverengi","Tek Ebat","","","DEERDERİ","Kapak & Kılıf","Kartlıklı Tutacaklı İphone Hakiki Deri Koruyucu Kılıf Iphone 16","- Hakiki deri malzemesi ile üretilmiş, dayanıklılığı ve şık görünümüyle öne çıkan iPhone 16 kılıf.; - Apple marka telefonlarla tam uyumlu tasarım, telefonunuzu mükemmel bir şekilde sarar ve korur.; - iPhone 16 modeli için özel olarak tasarlanmış, telefonunuzun tüm özelliklerine erişim sağlayan ergonomik yapıda.; - Türkiye'de üretilen bu kılıf, yerel üretimle desteklenen kalite ve güvenilirliği temsil eder.;","499.9","20","","0.0","https://cdn.dsmcdn.com/ty1782/prod/QC_PREP/20251103/15/3145e774-4418-3a68-9e50-da4b5a4afd58/1_org_zoom.jpg","https://cdn.dsmcdn.com/ty1782/prod/QC_PREP/20251103/15/ff1540be-1e96-3c4f-b46c-46bc0e49e9a8/1_org_zoom.jpg","https://cdn.dsmcdn.com/ty1784/prod/QC_PREP/20251103/15/5feb2507-061f-3cf7-afc3-cdb9265c6782/1_org_zoom.jpg","","","","","","1","Bugün Kargoda","","","","https://www.trendyol.com/deerderi/kartlikli-tutacakli-iphone-hakiki-deri-koruyucu-kilif-iphone-16-p-1044150193?merchantId=1155143&filterOverPriceListings=false"
"TY8684894949109","TY8684894949109","499.9","4","28.0","DD123481","Gri","Tek Ebat","","","DEERDERİ","Kapak & Kılıf","Kartlıklı Tutacaklı İphone Hakiki Deri Koruyucu Kılıf Iphone 15 Pro","- Hakiki deri malzemesi ile üretilmiş, dayanıklılığı ve şık görünümü bir arada sunar.; - Apple iPhone 15 Pro modeliyle tam uyumlu, telefonunuzu mükemmel bir şekilde sarar ve korur.; - Türkiye menşeli olmasıyla yerel üretim kalitesini ve işçiliğini yansıtır.; - Kart bölmesi sayesinde sık kullanılan kartlarınızı yanınızda taşımanız için pratik bir çözüm sunar.; - Tutacaklı tasarımı ile telefonunuzu kolayca tutabilir ve kullanım sırasında rahatlık sağlar.;","499.9","20","","0.0","https://cdn.dsmcdn.com/ty1783/prod/QC_PREP/20251103/14/7f936175-ecfc-32c7-9105-0a6e1c209665/1_org_zoom.jpg","https://cdn.dsmcdn.com/ty1783/prod/QC_PREP/20251103/14/cf33ca5e-1be3-3a3a-823c-61d622fe239f/1_org_zoom.jpg","https://cdn.dsmcdn.com/ty1783/prod/QC_PREP/20251103/14/2d5a58e2-6c43-3ca1-bc7d-16e3aebbc81e/1_org_zoom.jpg","","","","","","1","Bugün Kargoda","","","","https://www.trendyol.com/deerderi/kartlikli-tutacakli-iphone-hakiki-deri-koruyucu-kilif-iphone-15-pro-p-1044129295?merchantId=1155143&filterOverPriceListings=false"
"TY8684894949105","TY8684894949105","499.9","3","28.0","DD123477","Siyah","Tek Ebat","","","DEERDERİ","Kapak & Kılıf","Helen İphone Hakiki Deri Telefon Kılıfı Iphone 13 Pro Max","- iPhone 13 Pro Max modeliyle tam uyum sağlayan Helen hakiki deri telefon kılıfı, telefonunuzu korurken şıklığınızı tamamlar.; - Yüksek kaliteli hakiki deri malzemesi ile uzun ömürlü kullanım sunar ve dayanıklılığı artırır.; - Apple marka telefonlar için özel olarak tasarlanmış olup, cihazınızın özelliklerine mükemmel uyum sağlar.; - Türkiye'de üretilen bu kılıf, yerel üretimle desteklenen kalite standartlarına sahiptir.;","499.9","20","","0.0","https://cdn.dsmcdn.com/ty1783/prod/QC_PREP/20251103/14/a69c2e06-375c-3eb4-90f2-40d65a620f73/1_org_zoom.jpg","https://cdn.dsmcdn.com/ty1782/prod/QC_PREP/20251103/14/8a1be793-ae20-3b77-bf08-11a2b9018dff/1_org_zoom.jpg","https://cdn.dsmcdn.com/ty1782/prod/QC_PREP/20251103/14/988d31e3-8a04-3e02-9eed-eacbff0ef0c3/1_org_zoom.jpg","https://cdn.dsmcdn.com/ty1784/prod/QC_PREP/20251103/14/7fb44d49-1537-3e9d-bcf4-f18b42f0803e/1_org_zoom.jpg","","","","","1","Bugün Kargoda","","","","https://www.trendyol.com/deerderi/helen-iphone-hakiki-deri-telefon-kilifi-iphone-13-pro-max-p-1044127609?merchantId=1155143&filterOverPriceListings=false"
"TY8684894949106","TY8684894949106","499.9","3","28.0","DD123477","Kahverengi","Tek Ebat","","","DEERDERİ","Kapak & Kılıf","Helen İphone Hakiki Deri Telefon Kılıfı Iphone 13 Pro Max","- iPhone 13 Pro Max modeliyle tam uyum sağlayan Helen hakiki deri telefon kılıfı, telefonunuzu korurken şıklığınızı tamamlar.; - Yüksek kaliteli hakiki deri malzemesi ile uzun ömürlü kullanım sunar ve dayanıklılığı artırır.; - Apple marka telefonlar için özel olarak tasarlanmış olup, cihazınızın özelliklerine mükemmel uyum sağlar.; - Türkiye'de üretilen bu kılıf, yerel üretimle desteklenen kalite standartlarına sahiptir.;","499.9","20","","0.0","https://cdn.dsmcdn.com/ty1782/prod/QC_PREP/20251103/14/6598ba05-bed7-3e26-b924-7b825a3cf871/1_org_zoom.jpg","https://cdn.dsmcdn.com/ty1783/prod/QC_PREP/20251103/14/231f170e-e83f-35b1-be5c-48bc2f731282/1_org_zoom.jpg","https://cdn.dsmcdn.com/ty1782/prod/QC_PREP/20251103/14/90808518-e542-3226-860a-014d68d9eb4e/1_org_zoom.jpg","https://cdn.dsmcdn.com/ty1783/prod/QC_PREP/20251103/14/85f8c8ee-877f-3bc9-b013-cbf79b4a2814/1_org_zoom.jpg","","","","","1","Bugün Kargoda","","","","https://www.trendyol.com/deerderi/helen-iphone-hakiki-deri-telefon-kilifi-iphone-13-pro-max-p-1044127590?merchantId=1155143&filterOverPriceListings=false"
"TY8684894949114","TY8684894949114","499.9","4","28.0","TYC5174E14485778533D68500","Siyah","Tek Ebat","","","DEERDERİ","Kapak & Kılıf","Kartlıklı Tutacaklı İphone Hakiki Deri Koruyucu Kılıf Iphone 13 Pro Max","- iPhone 13 Pro Max modelinize tam uyum sağlayan hakiki deri kılıf, telefonunuzu şıklıkla korur.; - Yüksek kaliteli hakiki deriden üretilmiş olup, dayanıklılığı ve estetik görünümüyle öne çıkar.; - Apple marka telefonlarınız için özel olarak tasarlanmıştır, böylece cihazınızla mükemmel uyum sağlar.; - Türkiye menşeli bu kılıf, yerel üretimden gelen kaliteyi ve güvenilirliği temsil eder.;","499.9","20","","0.0","https://cdn.dsmcdn.com/ty1782/prod/QC_PREP/20251103/13/73ec8638-f2e9-358b-aed2-4c9870b082f3/1_org_zoom.jpg","https://cdn.dsmcdn.com/ty1784/prod/QC_PREP/20251103/13/be842895-d4cb-3b03-a86b-4255da13d8a0/1_org_zoom.jpg","https://cdn.dsmcdn.com/ty1782/prod/QC_PREP/20251103/13/0fe98855-b1ed-3638-a246-936be043f593/1_org_zoom.jpg","","","","","","1","Bugün Kargoda","","","","https://www.trendyol.com/deerderi/kartlikli-tutacakli-iphone-hakiki-deri-koruyucu-kilif-iphone-13-pro-max-p-1044110586?merchantId=1155143&filterOverPriceListings=false"
"TY8684894949099","TY8684894949099","499.9","3","28.0","DD1298467","Gri","Tek Ebat","","","DEERDERİ","Kapak & Kılıf","Juno İphone Hakiki Deri Koruyucu Kılıf Iphone 13 Pro Max","- Yüksek kaliteli hakiki deri malzemesi ile üretilmiş, iPhone 13 Pro Max modelinize mükemmel uyum sağlayan koruyucu kılıf.; - Apple marka telefonlarınız için özel olarak tasarlanmış, cihazınızın özelliklerine tam uyum gösteren tasarım.; - Türkiye'de üretilmiş olup, yerel üretim kalitesini ve işçiliğini yansıtan bir ürün.; - iPhone 13 Pro Max'inizi darbelere ve çizilmelere karşı koruyan dayanıklı yapısıyla uzun süreli kullanım sunar.;","499.9","20","","0.0","https://cdn.dsmcdn.com/ty1782/prod/QC_PREP/20251103/13/cbcbb671-1496-362e-adf5-b1ff00c36d1d/1_org_zoom.jpg","https://cdn.dsmcdn.com/ty1784/prod/QC_PREP/20251103/13/a51ec9c0-cc7b-34c7-8502-f5a77a11e826/1_org_zoom.jpg","","","","","","","1","Bugün Kargoda","","","","https://www.trendyol.com/deerderi/juno-iphone-hakiki-deri-koruyucu-kilif-iphone-13-pro-max-p-1044109120?merchantId=1155143&filterOverPriceListings=false"
"TY8684894949101","TY8684894949101","499.9","3","28.0","DD1298467","Kahverengi","Tek Ebat","","","DEERDERİ","Kapak & Kılıf","Juno İphone Hakiki Deri Koruyucu Kılıf Iphone 13 Pro Max","- Yüksek kaliteli hakiki deri malzemesi ile üretilmiş, iPhone 13 Pro Max modelinize mükemmel uyum sağlayan koruyucu kılıf.; - Apple marka telefonlarınız için özel olarak tasarlanmış, cihazınızın özelliklerine tam uyum gösteren tasarım.; - Türkiye'de üretilmiş olup, yerel üretim kalitesini ve işçiliğini yansıtan bir ürün.; - iPhone 13 Pro Max'inizi darbelere ve çizilmelere karşı koruyan dayanıklı yapısıyla uzun süreli kullanım sunar.;","499.9","20","","0.0","https://cdn.dsmcdn.com/ty1782/prod/QC_PREP/20251103/13/51973d72-3e49-3e8a-955b-196c1a7d4ddc/1_org_zoom.jpg","https://cdn.dsmcdn.com/ty1782/prod/QC_PREP/20251103/13/e8ee5e70-68e9-329a-b7c1-8a557af76e7d/1_org_zoom.jpg","","","","","","","1","Bugün Kargoda","","","","https://www.trendyol.com/deerderi/juno-iphone-hakiki-deri-koruyucu-kilif-iphone-13-pro-max-p-1044109109?merchantId=1155143&filterOverPriceListings=false"
"TY8684894949103","TY8684894949103","499.9","3","28.0","DD1298467","Lacivert","Tek Ebat","","","DEERDERİ","Kapak & Kılıf","Juno İphone Hakiki Deri Koruyucu Kılıf Iphone 13 Pro Max","- Yüksek kaliteli hakiki deri malzemesi ile üretilmiş, iPhone 13 Pro Max modelinize mükemmel uyum sağlayan koruyucu kılıf.; - Apple marka telefonlarınız için özel olarak tasarlanmış, cihazınızın özelliklerine tam uyum gösteren tasarım.; - Türkiye'de üretilmiş olup, yerel üretim kalitesini ve işçiliğini yansıtan bir ürün.; - iPhone 13 Pro Max'inizi darbelere ve çizilmelere karşı koruyan dayanıklı yapısıyla uzun süreli kullanım sunar.;","499.9","20","","0.0","https://cdn.dsmcdn.com/ty1782/prod/QC_PREP/20251103/13/1e9e4d0f-fc49-338b-b7de-7cbf672cf512/1_org_zoom.jpg","https://cdn.dsmcdn.com/ty1782/prod/QC_PREP/20251103/13/16171217-af9e-3295-85e9-c1b7fefcda2a/1_org_zoom.jpg","","","","","","","1","Bugün Kargoda","","","","https://www.trendyol.com/deerderi/juno-iphone-hakiki-deri-koruyucu-kilif-iphone-13-pro-max-p-1044109107?merchantId=1155143&filterOverPriceListings=false"
"TY8684894949102","TY8684894949102","499.9","4","28.0","DD1298467","Koyu Kahverengi","","","","DEERDERİ","Kapak & Kılıf","Juno İphone Hakiki Deri Koruyucu Kılıf Iphone 13 Pro Max","- Yüksek kaliteli hakiki deri malzemesi ile üretilmiş, iPhone 13 Pro Max modelinize mükemmel uyum sağlayan koruyucu kılıf.; - Apple marka telefonlarınız için özel olarak tasarlanmış, cihazınızın özelliklerine tam uyum gösteren tasarım.; - Türkiye'de üretilmiş olup, yerel üretim kalitesini ve işçiliğini yansıtan bir ürün.; - iPhone 13 Pro Max'inizi darbelere ve çizilmelere karşı koruyan dayanıklı yapısıyla uzun süreli kullanım sunar.;","499.9","20","","0.0","https://cdn.dsmcdn.com/ty1784/prod/QC_PREP/20251103/13/a3b7d055-677f-3a07-b709-5233916477f0/1_org_zoom.jpg","https://cdn.dsmcdn.com/ty1782/prod/QC_PREP/20251103/13/12046411-d685-32e6-a41b-b59f04937a64/1_org_zoom.jpg","","","","","","","1","Bugün Kargoda","","","","https://www.trendyol.com/deerderi/juno-iphone-hakiki-deri-koruyucu-kilif-iphone-13-pro-max-p-1044109105?merchantId=1155143&filterOverPriceListings=false"
"TY8684894949100","TY8684894949100","499.9","3","28.0","DD1298467","Siyah","Tek Ebat","","","DEERDERİ","Kapak & Kılıf","Juno İphone Hakiki Deri Koruyucu Kılıf Iphone 13 Pro Max","- Yüksek kaliteli hakiki deri malzemesi ile üretilmiş, iPhone 13 Pro Max modelinize mükemmel uyum sağlayan koruyucu kılıf.; - Apple marka telefonlarınız için özel olarak tasarlanmış, cihazınızın özelliklerine tam uyum gösteren tasarım.; - Türkiye'de üretilmiş olup, yerel üretim kalitesini ve işçiliğini yansıtan bir ürün.; - iPhone 13 Pro Max'inizi darbelere ve çizilmelere karşı koruyan dayanıklı yapısıyla uzun süreli kullanım sunar.;","499.9","20","","0.0","https://cdn.dsmcdn.com/ty1782/prod/QC_PREP/20251103/13/3d0c47dc-2217-3cf3-aad2-1805e348bc19/1_org_zoom.jpg","","","","","","","","1","Bugün Kargoda","","","","https://www.trendyol.com/deerderi/juno-iphone-hakiki-deri-koruyucu-kilif-iphone-13-pro-max-p-1044109103?merchantId=1155143&filterOverPriceListings=false"
"TY8684894949098","TY8684894949098","499.9","5","28.0","DD123467","Siyah","Tek Ebat","","","DEERDERİ","Kapak & Kılıf","Kartlıklı Tutacaklı İphone Hakiki Deri Koruyucu Kılıf Iphone 13 Pro","- Hakiki deri malzemesi ile üretilmiş, dayanıklılığı ve şık görünümü bir arada sunar.; - Apple iPhone 13 Pro modeliyle tam uyumlu tasarım, cihazınıza mükemmel bir şekilde oturur ve koruma sağlar.; - Türkiye menşeli olması, yerel üretim kalitesini ve güvenilirliğini garanti eder.; - Kartlıklı yapısı sayesinde telefonunuzun yanında sıkça kullanılan kartlarınızı da taşıyabilirsiniz.; - Tutacaklı tasarımı ile telefonunuzu rahatça tutmanızı ve kullanmanızı kolaylaştırır.;","499.9","20","","0.0","https://cdn.dsmcdn.com/ty1784/prod/QC_PREP/20251103/13/f8f74e85-2041-37be-bcf1-fa4e4cf67194/1_org_zoom.jpg","https://cdn.dsmcdn.com/ty1783/prod/QC_PREP/20251103/13/5b6abba8-4770-34ef-915c-bf385b6c7aa6/1_org_zoom.jpg","https://cdn.dsmcdn.com/ty1782/prod/QC_PREP/20251103/13/96477b20-2710-3f64-9e80-f02a83bf4cf9/1_org_zoom.jpg","https://cdn.dsmcdn.com/ty1782/prod/QC_PREP/20251103/13/af82f23a-9c52-360d-b81a-997fb2c1ee12/1_org_zoom.jpg","","","","","1","Bugün Kargoda","","","","https://www.trendyol.com/deerderi/kartlikli-tutacakli-iphone-hakiki-deri-koruyucu-kilif-iphone-13-pro-p-1044096940?merchantId=1155143&filterOverPriceListings=false"
"TY8684894949097","TY8684894949097","499.9","2","28.0","DD123467","Kahverengi","Tek Ebat","","","DEERDERİ","Kapak & Kılıf","Kartlıklı Tutacaklı İphone Hakiki Deri Koruyucu Kılıf Iphone 12/12 Pro","- Hakiki deri malzemesi ile üretilmiş, dayanıklılığı ve şık görünümü bir arada sunar.; - Apple iPhone 12 ve iPhone 12 Pro modelleriyle tam uyumlu tasarım, telefonunuza mükemmel bir şekilde oturur.; - Türkiye'de üretilmiş olup, yerel işçilik ve kalite standartlarına uygun olarak tasarlanmıştır.; - Pratik kullanım için tasarlanmış kartlıklı yapısı sayesinde kartlarınızı güvenle taşıyabilirsiniz.;","499.9","20","","0.0","https://cdn.dsmcdn.com/ty1783/prod/QC_PREP/20251103/12/f2f9fd77-2cd7-3a43-ba7c-2c81bb232c4b/1_org_zoom.jpg","https://cdn.dsmcdn.com/ty1784/prod/QC_PREP/20251103/12/68995480-6ee6-37b6-b255-0fc1e574f0cd/1_org_zoom.jpg","https://cdn.dsmcdn.com/ty1784/prod/QC_PREP/20251103/12/47065f38-c7f9-3225-8ac9-2486362dcc61/1_org_zoom.jpg","","","","","","1","Bugün Kargoda","","","","https://www.trendyol.com/deerderi/kartlikli-tutacakli-iphone-hakiki-deri-koruyucu-kilif-iphone-12-12-pro-p-1044090685?merchantId=1155143&filterOverPriceListings=false"
"TY8680801608400","TY8680801608400","499.9","5","28.0","DT65598","Kahverengi","Tek Ebat","","","DEERDERİ","Kapak & Kılıf","İphone Hakiki Deri Dikişli Karlıklı Kılıf Iphone 11","- Hakiki deri malzemesiyle üretilmiş, uzun ömürlü ve şık bir kullanım sunar.; - Apple iPhone 11 modeliyle tam uyumlu tasarım, telefonunuza mükemmel bir şekilde oturur ve korur.; - Türkiye menşeli olması, yerel üretim desteklenerek kaliteli bir ürün tercih etmenizi sağlar.; - Telefonunuzu darbelere ve çizilmelere karşı koruyan dayanıklı yapı, günlük kullanım için idealdir.;","499.9","20","","0.0","https://cdn.dsmcdn.com/ty1784/prod/QC_PREP/20251103/12/c9195f9a-ed62-3c77-9129-9854105b6925/1_org_zoom.jpg","https://cdn.dsmcdn.com/ty1784/prod/QC_PREP/20251103/12/3cd075dd-4a1b-3cc7-8555-80fbfe71119c/1_org_zoom.jpg","","","","","","","1","Bugün Kargoda","","","","https://www.trendyol.com/deerderi/iphone-hakiki-deri-dikisli-karlikli-kilif-iphone-11-p-1044085102?merchantId=1155143&filterOverPriceListings=false"
"TY8680801608408","TY8680801608408","499.9","5","28.0","DT65598","Siyah","Tek Ebat","","","DEERDERİ","Kapak & Kılıf","İphone Hakiki Deri Dikişli Karlıklı Kılıf Iphone 11","- Hakiki deri malzemesiyle üretilmiş, uzun ömürlü ve şık bir kullanım sunar.; - Apple iPhone 11 modeliyle tam uyumlu tasarım, telefonunuza mükemmel bir şekilde oturur ve korur.; - Türkiye menşeli olması, yerel üretim desteklenerek kaliteli bir ürün tercih etmenizi sağlar.; - Telefonunuzu darbelere ve çizilmelere karşı koruyan dayanıklı yapı, günlük kullanım için idealdir.;","499.9","20","","0.0","https://cdn.dsmcdn.com/ty1783/prod/QC_PREP/20251103/12/0f25aac8-351d-3dc8-87c3-d02222ebd908/1_org_zoom.jpg","https://cdn.dsmcdn.com/ty1782/prod/QC_PREP/20251103/12/f9fce10a-9390-3b22-9569-67d1a1f9bc57/1_org_zoom.jpg","","","","","","","1","Bugün Kargoda","","","","https://www.trendyol.com/deerderi/iphone-hakiki-deri-dikisli-karlikli-kilif-iphone-11-p-1044085099?merchantId=1155143&filterOverPriceListings=false"
"TY8680801608409","TY8680801608409","499.9","4","28.0","DT65598","Lacivert","Tek Ebat","","","DEERDERİ","Kapak & Kılıf","İphone Hakiki Deri Dikişli Karlıklı Kılıf Iphone 11","- Hakiki deri malzemesiyle üretilmiş, uzun ömürlü ve şık bir kullanım sunar.; - Apple iPhone 11 modeliyle tam uyumlu tasarım, telefonunuza mükemmel bir şekilde oturur ve korur.; - Türkiye menşeli olması, yerel üretim desteklenerek kaliteli bir ürün tercih etmenizi sağlar.; - Telefonunuzu darbelere ve çizilmelere karşı koruyan dayanıklı yapı, günlük kullanım için idealdir.;","499.9","20","","0.0","https://cdn.dsmcdn.com/ty1782/prod/QC_PREP/20251103/12/bd46e318-c4bb-39ad-b514-b7ef9b0f9ffd/1_org_zoom.jpg","https://cdn.dsmcdn.com/ty1783/prod/QC_PREP/20251103/12/9569f508-3170-3204-9309-bdc85ee01df0/1_org_zoom.jpg","","","","","","","1","Bugün Kargoda","","","","https://www.trendyol.com/deerderi/iphone-hakiki-deri-dikisli-karlikli-kilif-iphone-11-p-1044085079?merchantId=1155143&filterOverPriceListings=false"
"TY8684894949104","TY8684894949104","2999.9","7","21.5","DD123476","Kahverengi","Tek Ebat","","Unisex","DEERDERİ","El Çantası","Poseidon Hakiki Deri El Çantası","","2999.9","10","","0.0","https://cdn.dsmcdn.com/ty1782/prod/QC_PREP/20251103/12/675131c1-c956-3b2a-99b0-adb2756d274c/1_org_zoom.jpg","https://cdn.dsmcdn.com/ty1783/prod/QC_PREP/20251103/12/82ef3734-e48a-34f3-b319-2498758aac4a/1_org_zoom.jpg","https://cdn.dsmcdn.com/ty1784/prod/QC_PREP/20251103/12/77a90ff5-db5d-368f-aaf3-6c24e2ff8463/1_org_zoom.jpg","https://cdn.dsmcdn.com/ty1783/prod/QC_PREP/20251103/12/c6d857f5-8ca9-3827-b91f-7b65a0f1e29d/1_org_zoom.jpg","https://cdn.dsmcdn.com/ty1784/prod/QC_PREP/20251103/12/692da0eb-0024-3ae9-b240-e4161b9517d5/1_org_zoom.jpg","https://cdn.dsmcdn.com/ty1784/prod/QC_PREP/20251103/12/9346d10f-a2fa-3796-b90b-313c501a22b7/1_org_zoom.jpg","","","1","Bugün Kargoda","","","","https://www.trendyol.com/deerderi/poseidon-hakiki-deri-el-cantasi-p-1044073418?merchantId=1155143&filterOverPriceListings=false"
"TY8681272049854","TY8681272049854","1499.9","8","21.5","DD123463","Kırmızı","Tek Ebat","","Unisex","DEERDERİ","Cüzdan","Rhode Vintage Hakiki Deri Fermuarlı Kartlık Cüzdan","","1499.9","20","","0.0","https://cdn.dsmcdn.com/ty1783/prod/QC_PREP/20251101/16/23162d70-b994-36fd-bdd2-0a88b90f9701/1_org_zoom.jpg","https://cdn.dsmcdn.com/ty1784/prod/QC_PREP/20251101/16/347aa259-76e4-3247-8204-ba360ae83f59/1_org_zoom.jpg","https://cdn.dsmcdn.com/ty1783/prod/QC_PREP/20251101/16/39140f17-a09b-36f1-81a0-034d18637e7c/1_org_zoom.jpg","https://cdn.dsmcdn.com/ty1782/prod/QC_PREP/20251101/16/eb9897e9-2836-3fdd-89a9-379b3fd38d9d/1_org_zoom.jpg","","","","","1","Bugün Kargoda","","","","https://www.trendyol.com/deerderi/rhode-vintage-hakiki-deri-fermuarli-kartlik-cuzdan-p-1043608917?merchantId=1155143&filterOverPriceListings=false"
"TY8684894949094","TY8684894949094","1499.9","17","21.5","DD123463","Kahverengi","Tek Ebat","","Unisex","DEERDERİ","Cüzdan","Rhode Vintage Hakiki Deri Fermuarlı Kartlık Cüzdan","","1499.9","20","","0.0","https://cdn.dsmcdn.com/ty1783/prod/QC_PREP/20251101/16/3332af9a-fa4e-352a-b56a-3575e96369b3/1_org_zoom.jpg","https://cdn.dsmcdn.com/ty1784/prod/QC_PREP/20251101/16/76338a53-2942-32f4-8bc1-53df97f9ddd4/1_org_zoom.jpg","https://cdn.dsmcdn.com/ty1784/prod/QC_PREP/20251101/16/ad2e8cff-048f-38b4-8dd0-0124a74184b1/1_org_zoom.jpg","https://cdn.dsmcdn.com/ty1783/prod/QC_PREP/20251101/16/036afc8d-6744-3199-955b-2a378e95f0e9/1_org_zoom.jpg","","","","","1","Bugün Kargoda","","","","https://www.trendyol.com/deerderi/rhode-vintage-hakiki-deri-fermuarli-kartlik-cuzdan-p-1043606585?merchantId=1155143&filterOverPriceListings=false"
"TY8684894949093","TY8684894949093","1499.9","22","21.5","DD123463","Lacivert","Tek Ebat","","Unisex","DEERDERİ","Cüzdan","Rhode Vintage Hakiki Deri Fermuarlı Kartlık Cüzdan","","1499.9","20","","0.0","https://cdn.dsmcdn.com/ty1782/prod/QC_PREP/20251101/16/bfd2e89f-a3b0-3e27-bc85-dc532672729e/1_org_zoom.jpg","https://cdn.dsmcdn.com/ty1782/prod/QC_PREP/20251101/16/81ec1f46-ffe6-3a21-9304-2df2e0326f37/1_org_zoom.jpg","https://cdn.dsmcdn.com/ty1784/prod/QC_PREP/20251101/16/1767d813-8923-3760-81e1-87ec3e45509a/1_org_zoom.jpg","https://cdn.dsmcdn.com/ty1783/prod/QC_PREP/20251101/16/8d229eed-9629-3252-9867-7fb2e48f8073/1_org_zoom.jpg","","","","","1","Bugün Kargoda","","","","https://www.trendyol.com/deerderi/rhode-vintage-hakiki-deri-fermuarli-kartlik-cuzdan-p-1043604098?merchantId=1155143&filterOverPriceListings=false"
"TY8684894949092","TY8684894949092","1499.9","8","21.5","DD123463","Haki","Tek Ebat","","Unisex","DEERDERİ","Cüzdan","Rhode Vintage Hakiki Deri Fermuarlı Kartlık Cüzdan","","1499.9","20","","0.0","https://cdn.dsmcdn.com/ty1783/prod/QC_PREP/20251101/16/219a92bd-dbe2-3fa5-951a-536cdf9d846d/1_org_zoom.jpg","https://cdn.dsmcdn.com/ty1782/prod/QC_PREP/20251101/16/0ee11683-a572-35fd-829a-60e94ec35f02/1_org_zoom.jpg","https://cdn.dsmcdn.com/ty1784/prod/QC_PREP/20251101/16/05dfa168-5824-3fdb-9be9-552ad92643e2/1_org_zoom.jpg","https://cdn.dsmcdn.com/ty1783/prod/QC_PREP/20251101/16/6a4d41d8-41b5-378e-aa31-bd85cc1286a3/1_org_zoom.jpg","","","","","1","Bugün Kargoda","","","","https://www.trendyol.com/deerderi/rhode-vintage-hakiki-deri-fermuarli-kartlik-cuzdan-p-1043601980?merchantId=1155143&filterOverPriceListings=false"
"TY8681272049089","TY8681272049089","999.9","5","21.5","DD123458","Taba","Tek Ebat","","Unisex","DEERDERİ","Cüzdan","Thyke Vintage Deri Cüzdan Kartlık","","999.9","20","","0.0","https://cdn.dsmcdn.com/ty1782/prod/QC_PREP/20251101/16/4a18e299-3355-370d-a80c-1acc288ab7ab/1_org_zoom.jpg","https://cdn.dsmcdn.com/ty1782/prod/QC_PREP/20251101/16/55fae288-2ce4-3c37-ad5e-f8f3313a4645/1_org_zoom.jpg","https://cdn.dsmcdn.com/ty1782/prod/QC_PREP/20251101/16/56eb440e-b26c-309e-b686-6c26edd2f212/1_org_zoom.jpg","https://cdn.dsmcdn.com/ty1784/prod/QC_PREP/20251101/16/2790b041-bcd2-3850-bc2d-ecd869df1919/1_org_zoom.jpg","https://cdn.dsmcdn.com/ty1783/prod/QC_PREP/20251101/16/5c27004c-5d97-37dd-8aa9-fe2fe7582708/1_org_zoom.jpg","https://cdn.dsmcdn.com/ty1783/prod/QC_PREP/20251101/16/45784d59-4be9-3f49-8ae3-c66f4c2c4a18/1_org_zoom.jpg","","","1","Bugün Kargoda","","","","https://www.trendyol.com/deerderi/thyke-vintage-deri-cuzdan-kartlik-p-1043490890?merchantId=1155143&filterOverPriceListings=false"
"TY8681272049087","TY8681272049087","999.9","4","21.5","DD123458","Haki","Tek Ebat","","Unisex","DEERDERİ","Cüzdan","Thyke Vintage Deri Cüzdan Kartlık","","999.9","20","","0.0","https://cdn.dsmcdn.com/ty1783/prod/QC_PREP/20251101/16/68d9e9e1-d66d-37c9-9130-8e5b598c4336/1_org_zoom.jpg","https://cdn.dsmcdn.com/ty1783/prod/QC_PREP/20251101/16/b1e881e9-1e65-354d-89f5-a7ed6b7869f7/1_org_zoom.jpg","https://cdn.dsmcdn.com/ty1783/prod/QC_PREP/20251101/16/0ac28c35-37bb-3ccc-81ef-71a07d1e847f/1_org_zoom.jpg","https://cdn.dsmcdn.com/ty1784/prod/QC_PREP/20251101/16/75585bad-1231-3f20-b027-2cee25530178/1_org_zoom.jpg","https://cdn.dsmcdn.com/ty1783/prod/QC_PREP/20251101/16/f012ed5a-b7b9-37f1-9da6-fc3d45b521b7/1_org_zoom.jpg","https://cdn.dsmcdn.com/ty1783/prod/QC_PREP/20251101/16/dc1745c9-3735-371a-81fe-cc147d4f6385/1_org_zoom.jpg","https://cdn.dsmcdn.com/ty1782/prod/QC_PREP/20251101/16/02e4547a-554c-30c8-964a-512a22b7dc59/1_org_zoom.jpg","","1","Bugün Kargoda","","","","https://www.trendyol.com/deerderi/thyke-vintage-deri-cuzdan-kartlik-p-1043490828?merchantId=1155143&filterOverPriceListings=false"
"TY8681272049086","TY8681272049086","999.9","4","21.5","DD123458","Gri","Tek Ebat","","Unisex","DEERDERİ","Cüzdan","Thyke Vintage Deri Cüzdan Kartlık","","999.9","20","","0.0","https://cdn.dsmcdn.com/ty1782/prod/QC_PREP/20251101/16/20ac489f-f1be-34e1-9291-a7b06547eab1/1_org_zoom.jpg","https://cdn.dsmcdn.com/ty1782/prod/QC_PREP/20251101/16/61d05dfc-fb7f-3a9b-979b-3954b55611e2/1_org_zoom.jpg","https://cdn.dsmcdn.com/ty1782/prod/QC_PREP/20251101/16/b6e2cb1a-8a35-3610-8a2c-18ac3e4926c9/1_org_zoom.jpg","https://cdn.dsmcdn.com/ty1783/prod/QC_PREP/20251101/16/5498fd70-2a92-3a99-8fcc-cbf5f496eece/1_org_zoom.jpg","https://cdn.dsmcdn.com/ty1782/prod/QC_PREP/20251101/16/012da1de-9b79-36e5-b992-763ca27ee4e8/1_org_zoom.jpg","https://cdn.dsmcdn.com/ty1782/prod/QC_PREP/20251101/16/5da79322-8546-3536-8fc6-6d2b96419872/1_org_zoom.jpg","","","1","Bugün Kargoda","","","","https://www.trendyol.com/deerderi/thyke-vintage-deri-cuzdan-kartlik-p-1043490434?merchantId=1155143&filterOverPriceListings=false"
"TY8681272049054","TY8681272049054","999.9","3","21.5","DD123458","Kestane","Tek Ebat","","Unisex","DEERDERİ","Cüzdan","Thyke Vintage Deri Cüzdan Kartlık","","999.9","20","","0.0","https://cdn.dsmcdn.com/ty1782/prod/QC_PREP/20251101/16/61146ccd-7835-39e0-b53d-4765c94f2884/1_org_zoom.jpg","https://cdn.dsmcdn.com/ty1784/prod/QC_PREP/20251101/16/1db9345d-c8f9-3658-956a-193d395fd3c4/1_org_zoom.jpg","https://cdn.dsmcdn.com/ty1783/prod/QC_PREP/20251101/16/298c32da-7e76-3e8c-ae12-0853ab0b9c1f/1_org_zoom.jpg","https://cdn.dsmcdn.com/ty1784/prod/QC_PREP/20251101/16/be5f655b-8774-397b-ba6a-791cb85141b6/1_org_zoom.jpg","","","","","1","Bugün Kargoda","","","","https://www.trendyol.com/deerderi/thyke-vintage-deri-cuzdan-kartlik-p-1043490418?merchantId=1155143&filterOverPriceListings=false"
"TY8681272049088","TY8681272049088","999.9","4","21.5","DD123458","Kahverengi","Tek Ebat","","Unisex","DEERDERİ","Cüzdan","Thyke Vintage Deri Cüzdan Kartlık","","999.9","20","","0.0","https://cdn.dsmcdn.com/ty1784/prod/QC_PREP/20251101/16/527a2034-150c-3a1c-b917-56a13e150a23/1_org_zoom.jpg","https://cdn.dsmcdn.com/ty1782/prod/QC_PREP/20251101/16/3892debc-fb1d-3401-93e7-cae520150d53/1_org_zoom.jpg","https://cdn.dsmcdn.com/ty1784/prod/QC_PREP/20251101/16/4e2e5f38-52f5-3e57-bae5-fb6d1da634c2/1_org_zoom.jpg","https://cdn.dsmcdn.com/ty1783/prod/QC_PREP/20251101/16/ea18c839-7811-3ee6-afb4-b3407a85b045/1_org_zoom.jpg","https://cdn.dsmcdn.com/ty1784/prod/QC_PREP/20251101/16/99db0129-b6db-3119-b809-6728981b7bc2/1_org_zoom.jpg","https://cdn.dsmcdn.com/ty1782/prod/QC_PREP/20251101/16/cbde0dd7-fe9b-3611-abaf-f8de4f6977fa/1_org_zoom.jpg","","","1","Bugün Kargoda","","","","https://www.trendyol.com/deerderi/thyke-vintage-deri-cuzdan-kartlik-p-1043489806?merchantId=1155143&filterOverPriceListings=false"
"TY8681272049085","TY8681272049085","1749.9","2","21.5","DD123457","Lacivert","Tek Ebat","","Unisex","DEERDERİ","Bel Çantası","Vesta Kanvas Bel Çantası Lacivert","","1749.9","10","","0.0","https://cdn.dsmcdn.com/ty1782/prod/QC_PREP/20251101/16/eeffcef1-068c-330f-87d5-75cc25177370/1_org_zoom.jpg","https://cdn.dsmcdn.com/ty1782/prod/QC_PREP/20251101/16/0ad608a3-c875-3980-abe3-c56e2cdfefe8/1_org_zoom.jpg","https://cdn.dsmcdn.com/ty1782/prod/QC_PREP/20251101/16/a91548f6-5c72-3d41-87b5-a993959832e7/1_org_zoom.jpg","https://cdn.dsmcdn.com/ty1783/prod/QC_PREP/20251101/16/1266e906-7627-3326-a3b0-54f1578d9e69/1_org_zoom.jpg","","","","","1","Bugün Kargoda","","","","https://www.trendyol.com/deerderi/vesta-kanvas-bel-cantasi-lacivert-p-1043437476?merchantId=1155143&filterOverPriceListings=false"
"TY8681272049084","TY8681272049084","1749.9","6","21.5","DD123456","Siyah","Tek Ebat","","Unisex","DEERDERİ","El Çantası","Zeus Hakiki Deri & Vintage El Çantası Siyah","","1749.9","20","","0.0","https://cdn.dsmcdn.com/ty1782/prod/QC_PREP/20251101/15/c3b66ec5-9151-3297-a4fa-5ee209e4c031/1_org_zoom.jpg","https://cdn.dsmcdn.com/ty1783/prod/QC_PREP/20251101/15/77484b31-76f9-39b3-b9f2-387e912bf247/1_org_zoom.jpg","https://cdn.dsmcdn.com/ty1783/prod/QC_PREP/20251101/15/834b6be2-f561-3a7f-94f5-0d359ade0e50/1_org_zoom.jpg","https://cdn.dsmcdn.com/ty1783/prod/QC_PREP/20251101/15/74b7fdc5-ca15-3a99-b1d9-dc200c758596/1_org_zoom.jpg","https://cdn.dsmcdn.com/ty1782/prod/QC_PREP/20251101/15/1d8b4cca-90d6-3ff4-a369-4d32fc566ebe/1_org_zoom.jpg","https://cdn.dsmcdn.com/ty1783/prod/QC_PREP/20251101/15/0c3e5416-c95e-3b21-8ae7-bd50e5eeb5fe/1_org_zoom.jpg","","","1","Bugün Kargoda","","","","https://www.trendyol.com/deerderi/zeus-hakiki-deri-vintage-el-cantasi-siyah-p-1043434571?merchantId=1155143&filterOverPriceListings=false"
"TY8680801608407","TY8680801608407","499.9","3","28.0","DT65597","Kahverengi","Tek Ebat","","","DEERDERİ","Kapak & Kılıf","İphone Hakiki Deri Dikişli Karlıklı Standlı Kılıf Iphone 11","- Hakiki deri malzemesiyle üretilmiş, uzun ömürlü ve şık bir kullanım sunar.; - Kahverengi rengiyle klasik ve zamansız bir görünüm kazandırır.; - iPhone 11 modeliyle tam uyum sağlayarak telefonunuzu mükemmel bir şekilde sarar ve korur.; - Apple marka telefonlar için özel olarak tasarlanmıştır, cihazınızla mükemmel uyumluluk gösterir.; - Türkiye'de üretilmiştir, yerel üretimle kalite ve güvenilirliği bir arada sunar.","499.9","20","","0.0","https://cdn.dsmcdn.com/ty1784/prod/QC_ENRICHMENT/20251103/12/6e5cf4a8-e54f-3687-8b58-e6a84de2a968/1_org_zoom.jpg","https://cdn.dsmcdn.com/ty1780/prod/QC_PREP/20251028/17/c50dcd8c-6349-3840-8634-130f525ba094/1_org_zoom.jpg","https://cdn.dsmcdn.com/ty1780/prod/QC_PREP/20251028/17/609eeb5e-444c-3c7f-8f08-8034c48d5e1b/1_org_zoom.jpg","","","","","","1","Bugün Kargoda","","","","https://www.trendyol.com/deerderi/iphone-hakiki-deri-dikisli-karlikli-standli-kilif-iphone-11-p-1041670408?merchantId=1155143&filterOverPriceListings=false"
"TY8680801608406","TY8680801608406","499.9","5","28.0","DT65597","Lacivert","Tek Ebat","","","DEERDERİ","Kapak & Kılıf","İphone Hakiki Deri Dikişli Karlıklı Standlı Kılıf Iphone 11","- Hakiki deri malzemesi ile üretilmiş, uzun ömürlü ve dayanıklı kullanım sunar.; - Lacivert rengiyle şık ve modern bir görünüm kazandırır, telefonunuzu zarif bir şekilde korur.; - iPhone 11 modeliyle tam uyumlu tasarım, cihazınıza mükemmel oturur ve kolayca takılıp çıkarılabilir.; - Apple marka telefonlar için özel olarak tasarlanmıştır, böylece cihazınızla mükemmel uyum sağlar.; - Türkiye menşeli ürün, yerel üretim kalitesini ve güvenilirliğini garanti eder.","499.9","20","","0.0","https://cdn.dsmcdn.com/ty1784/prod/QC_ENRICHMENT/20251103/12/4cf500dc-4e8a-3afd-ad35-c19066aee6f6/1_org_zoom.jpg","https://cdn.dsmcdn.com/ty1780/prod/QC_PREP/20251028/17/57d855f8-a647-35a4-be06-5ead7200cde0/1_org_zoom.jpg","https://cdn.dsmcdn.com/ty1780/prod/QC_PREP/20251028/17/b5a5da56-4235-39ca-98d7-311edd29f1ec/1_org_zoom.jpg","","","","","","1","Bugün Kargoda","","","","https://www.trendyol.com/deerderi/iphone-hakiki-deri-dikisli-karlikli-standli-kilif-iphone-11-p-1041670403?merchantId=1155143&filterOverPriceListings=false"
"TY8680801608405","TY8680801608405","499.9","4","28.0","DT65597","Siyah","Tek Ebat","","","DEERDERİ","Kapak & Kılıf","İphone Hakiki Deri Dikişli Karlıklı Standlı Kılıf Iphone 11","•TSE standartlarında Türkiye’de el işçiliğiyle titizlilikle üretilmiştir.; •Tüm ürünlerimiz birinci sınıf deriden üretilmiş olup yırtılmalara karşı dayanıklıdır.; •Deri yüzeyindeki ton farklılıkları ve gözenek lekeleri, gerçek derinin doğal yapısından kaynaklanmaktadır.; •Ürün isminde yazan model ile uyumludur.; •Telefona uyumlu içerisindeki silikonlu telefon kılıfı sayesinde telefonunuzu darbelere ve çizilmelere karşı korur.; •İç kısmı kadifedir.; •Ürünlerimiz, özel Premium kutusunda veya alternatifli olarak hediye paketi ile gönderilmektedir.","499.9","20","","0.0","https://cdn.dsmcdn.com/ty1782/prod/QC_ENRICHMENT/20251103/12/706639f3-4b82-3246-bbe8-8c2151679f28/1_org_zoom.jpg","https://cdn.dsmcdn.com/ty1780/prod/QC_PREP/20251028/17/4add028b-8c88-3169-833a-e711a3d86931/1_org_zoom.jpg","https://cdn.dsmcdn.com/ty1780/prod/QC_PREP/20251028/17/9d1e2ce0-9d8f-3550-bd60-3d175f6c80cc/1_org_zoom.jpg","","","","","","1","Bugün Kargoda","","","","https://www.trendyol.com/deerderi/iphone-hakiki-deri-dikisli-karlikli-standli-kilif-iphone-11-p-1041670368?merchantId=1155143&filterOverPriceListings=false"
"TY8698703025564","TY8698703025564","499.9","3","28.0","DT41455","Kırmızı","Tek Ebat","","","DEERDERİ","Kapak & Kılıf","Juno İphone Hakiki Deri Koruyucu Kılıf Iphone 12/12 Pro","","499.9","20","","0.0","https://cdn.dsmcdn.com/ty1781/prod/QC_PREP/20251027/17/b95b092b-a0c0-3ee7-8f2a-82f637b2a26c/1_org_zoom.jpg","https://cdn.dsmcdn.com/ty1781/prod/QC_PREP/20251027/17/b7c5115d-c8ea-3a93-9592-c54da2a5f636/1_org_zoom.jpg","https://cdn.dsmcdn.com/ty1779/prod/QC_PREP/20251027/17/fd92be44-e1e6-3373-91d2-f86482f3b0a9/1_org_zoom.jpg","https://cdn.dsmcdn.com/ty1781/prod/QC_PREP/20251027/17/a258fa78-cfcd-305b-81b5-1d86109c9d5c/1_org_zoom.jpg","","","","","1","Bugün Kargoda","","","","https://www.trendyol.com/deerderi/juno-iphone-hakiki-deri-koruyucu-kilif-iphone-12-12-pro-p-1041163404?merchantId=1155143&filterOverPriceListings=false"
"TY8698703025562","TY8698703025562","499.9","2","28.0","DT41454","Lacivert","Tek Ebat","","","DEERDERİ","Kapak & Kılıf","Kartlıklı Tutacaklı İphone Hakiki Deri Koruyucu Kılıf Iphone 12/12 Pro","","499.9","20","","0.0","https://cdn.dsmcdn.com/ty1779/prod/QC_PREP/20251027/17/d14db054-18b3-3559-bf8e-0017157e8e2a/1_org_zoom.jpg","https://cdn.dsmcdn.com/ty1779/prod/QC_PREP/20251027/17/ac5f906c-851b-3fc6-b60a-a7d746aac82e/1_org_zoom.jpg","https://cdn.dsmcdn.com/ty1779/prod/QC_PREP/20251027/17/e59f57e6-f3fc-3de6-a9ec-012f27476e7a/1_org_zoom.jpg","https://cdn.dsmcdn.com/ty1781/prod/QC_PREP/20251027/17/ad9ce098-d019-35af-bfe3-a9d35019a3a6/1_org_zoom.jpg","","","","","1","Bugün Kargoda","","","","https://www.trendyol.com/deerderi/kartlikli-tutacakli-iphone-hakiki-deri-koruyucu-kilif-iphone-12-12-pro-p-1041158395?merchantId=1155143&filterOverPriceListings=false"
"TY8698703025563","TY8698703025563","499.9","3","28.0","DT41454","Gri","Tek Ebat","","","DEERDERİ","Kapak & Kılıf","Kartlıklı Tutacaklı İphone Hakiki Deri Koruyucu Kılıf Iphone 12/12 Pro","","499.9","20","","0.0","https://cdn.dsmcdn.com/ty1780/prod/QC_PREP/20251027/17/ccac3331-7efa-3f08-aa09-0e592d62b57c/1_org_zoom.jpg","https://cdn.dsmcdn.com/ty1781/prod/QC_PREP/20251027/17/0aa9ae38-3d1c-3184-a136-b370d5556108/1_org_zoom.jpg","https://cdn.dsmcdn.com/ty1781/prod/QC_PREP/20251027/17/e7ad92d6-626e-39a2-9102-b87eb83f405a/1_org_zoom.jpg","https://cdn.dsmcdn.com/ty1779/prod/QC_PREP/20251027/17/e73bc7ce-2d52-3bb8-a87c-fc28f872edc5/1_org_zoom.jpg","","","","","1","Bugün Kargoda","","","","https://www.trendyol.com/deerderi/kartlikli-tutacakli-iphone-hakiki-deri-koruyucu-kilif-iphone-12-12-pro-p-1041158388?merchantId=1155143&filterOverPriceListings=false"
"TY8698684368588","TY8698684368588","499.9","5","28.0","DT44556","Beyaz","Tek Ebat","","","DEERDERİ","Kapak & Kılıf","Juno İphone Hakiki Deri Koruyucu Kılıf Iphone 13/14/15","","499.9","20","","0.0","https://cdn.dsmcdn.com/ty1779/prod/QC_PREP/20251027/16/28277974-5d48-31e4-b42b-205b7bffa21a/1_org_zoom.jpg","https://cdn.dsmcdn.com/ty1779/prod/QC_PREP/20251027/16/5e626dcc-75da-3e11-a6d2-9df69a53466e/1_org_zoom.jpg","https://cdn.dsmcdn.com/ty1781/prod/QC_PREP/20251027/16/2f51cf31-d845-34cd-9140-0cae1ca1b882/1_org_zoom.jpg","https://cdn.dsmcdn.com/ty1780/prod/QC_PREP/20251027/16/5a8433e2-5d4d-3616-ac84-086e3c0d9f48/1_org_zoom.jpg","","","","","1","Bugün Kargoda","","","","https://www.trendyol.com/deerderi/juno-iphone-hakiki-deri-koruyucu-kilif-iphone-13-14-15-p-1041139693?merchantId=1155143&filterOverPriceListings=false"
"TY8698684368587","TY8698684368587","499.9","5","28.0","DT44556","Mürdüm","Tek Ebat","","","DEERDERİ","Kapak & Kılıf","Juno İphone Hakiki Deri Koruyucu Kılıf Iphone 13/14/15","","499.9","20","","0.0","https://cdn.dsmcdn.com/ty1781/prod/QC_PREP/20251027/16/3d0a322f-672a-330a-ad21-10373b332541/1_org_zoom.jpg","https://cdn.dsmcdn.com/ty1781/prod/QC_PREP/20251027/16/a8201913-28e9-39f9-a657-64101a557bc3/1_org_zoom.jpg","https://cdn.dsmcdn.com/ty1781/prod/QC_PREP/20251027/16/3ac49997-b447-3293-b084-015c131c99ba/1_org_zoom.jpg","","","","","","1","Bugün Kargoda","","","","https://www.trendyol.com/deerderi/juno-iphone-hakiki-deri-koruyucu-kilif-iphone-13-14-15-p-1041139686?merchantId=1155143&filterOverPriceListings=false"
"TY8680801608404","TY8680801608404","499.9","4","28.0","DT65596","Mürdüm","Tek Ebat","","","DEERDERİ","Kapak & Kılıf","Juno İphone Hakiki Deri Koruyucu Kılıf Iphone 11","","499.9","20","","0.0","https://cdn.dsmcdn.com/ty1780/prod/QC_PREP/20251027/15/ca05bc31-ec51-3f65-a0d5-e5661b64d0de/1_org_zoom.jpg","https://cdn.dsmcdn.com/ty1780/prod/QC_PREP/20251027/15/0efdec5e-cd3a-3373-b06c-f8c2831b6790/1_org_zoom.jpg","https://cdn.dsmcdn.com/ty1781/prod/QC_PREP/20251027/15/6aeb19a0-a0fb-3ca4-a347-cf4b358d67e5/1_org_zoom.jpg","https://cdn.dsmcdn.com/ty1779/prod/QC_PREP/20251027/15/e5441eec-5d67-3105-bc69-35d6137236cd/1_org_zoom.jpg","","","","","1","Bugün Kargoda","","","","https://www.trendyol.com/deerderi/juno-iphone-hakiki-deri-koruyucu-kilif-iphone-11-p-1041116490?merchantId=1155143&filterOverPriceListings=false"
"TY8680801608403","TY8680801608403","499.9","12","28.0","DT65448","Koyu Kahverengi","","","","DEERDERİ","Kapak & Kılıf","Juno Iphone 11 Hakiki Deri Koruyucu Kılıf Koyu Kahverengi","","499.9","20","","0.0","https://cdn.dsmcdn.com/ty1780/prod/QC_PREP/20251027/14/d84e57ab-5b4f-3773-8a0b-1448094d845a/1_org_zoom.jpg","https://cdn.dsmcdn.com/ty1780/prod/QC_PREP/20251027/14/758d85d4-5778-3a40-96e6-2d7a80ecba59/1_org_zoom.jpg","","","","","","","1","Bugün Kargoda","","","","https://www.trendyol.com/deerderi/juno-iphone-11-hakiki-deri-koruyucu-kilif-koyu-kahverengi-p-1041082370?merchantId=1155143&filterOverPriceListings=false"
"TY8668436653236","TY8668436653236","999.9","1","28.0","DT44560","Siyah","Tek Ebat","","","DEERDERİ","Kapak & Kılıf","Helen İphone Hakiki Deri Telefon Kılıfı Uyumlu Iphone 13 Pro","","999.9","20","","0.0","https://cdn.dsmcdn.com/ty1769/prod/QC_PREP/20251003/17/8f1b87b6-699f-3723-bbc2-4f1f92c7c467/1_org_zoom.jpg","https://cdn.dsmcdn.com/ty1768/prod/QC_PREP/20251003/17/b256f3cc-e339-34ac-b847-df82c3ca9580/1_org_zoom.jpg","https://cdn.dsmcdn.com/ty1767/prod/QC_PREP/20251003/17/f3b88b09-ee48-36c4-899e-5c4da823eb59/1_org_zoom.jpg","https://cdn.dsmcdn.com/ty1768/prod/QC_PREP/20251003/17/1356ea5e-4be4-3b45-b460-9aebe9dc5eb7/1_org_zoom.jpg","","","","","1","Bugün Kargoda","","","","https://www.trendyol.com/deerderi/helen-iphone-hakiki-deri-telefon-kilifi-uyumlu-iphone-13-pro-p-996777749?merchantId=1155143&filterOverPriceListings=false"
"TY8668436653235","TY8668436653235","499.9","5","28.0","DT65541","Koyu Kahverengi","Tek Ebat","","","DEERDERİ","Kapak & Kılıf","Juno İphone Hakiki Deri Koruyucu Kılıf Iphone 13 Pro","","499.9","20","","0.0","https://cdn.dsmcdn.com/ty1767/prod/QC_PREP/20251003/17/8c19f9ec-1d3e-3412-8949-ee7fb29c7f55/1_org_zoom.jpg","https://cdn.dsmcdn.com/ty1768/prod/QC_PREP/20251003/17/f2913f95-11eb-3f35-b630-227d148e68ba/1_org_zoom.jpg","","","","","","","1","Bugün Kargoda","","","","https://www.trendyol.com/deerderi/juno-iphone-hakiki-deri-koruyucu-kilif-iphone-13-pro-p-996776571?merchantId=1155143&filterOverPriceListings=false"
"TY8668436653233","TY8668436653233","499.9","6","28.0","DT65541","Gri","Tek Ebat","","","DEERDERİ","Kapak & Kılıf","Juno İphone Hakiki Deri Koruyucu Kılıf Iphone 13 Pro","","499.9","20","","0.0","https://cdn.dsmcdn.com/ty1769/prod/QC_PREP/20251003/17/a252624f-ee87-3e0a-94be-ce67f3b8efeb/1_org_zoom.jpg","https://cdn.dsmcdn.com/ty1768/prod/QC_PREP/20251003/17/67497d73-37bc-3196-946f-de90daf9ff6d/1_org_zoom.jpg","","","","","","","1","Bugün Kargoda","","","","https://www.trendyol.com/deerderi/juno-iphone-hakiki-deri-koruyucu-kilif-iphone-13-pro-p-996776169?merchantId=1155143&filterOverPriceListings=false"
"TY8698684366589","TY8698684366589","499.9","6","28.0","DT65541","Lacivert","Tek Ebat","","","DEERDERİ","Kapak & Kılıf","Juno İphone Hakiki Deri Koruyucu Kılıf Iphone 13 Pro","","499.9","20","","0.0","https://cdn.dsmcdn.com/ty1768/prod/QC_PREP/20251003/17/1bcafdd2-2ac2-3712-b519-d7eb7e97d00d/1_org_zoom.jpg","https://cdn.dsmcdn.com/ty1767/prod/QC_PREP/20251003/17/18727d70-9201-3344-80c8-fa322dd778a9/1_org_zoom.jpg","","","","","","","1","Bugün Kargoda","","","","https://www.trendyol.com/deerderi/juno-iphone-hakiki-deri-koruyucu-kilif-iphone-13-pro-p-996776130?merchantId=1155143&filterOverPriceListings=false"
"TY8668436653234","TY8668436653234","499.9","2","28.0","DT65541","Siyah","Tek Ebat","","","DEERDERİ","Kapak & Kılıf","Juno İphone Hakiki Deri Koruyucu Kılıf Iphone 13 Pro","","499.9","20","","0.0","https://cdn.dsmcdn.com/ty1768/prod/QC_PREP/20251003/17/1a4db25e-13f1-3888-adb8-b17f4c6e911d/1_org_zoom.jpg","https://cdn.dsmcdn.com/ty1769/prod/QC_PREP/20251003/17/63c9a9c2-2d91-394b-bdad-b0e571000fa6/1_org_zoom.jpg","","","","","","","1","Bugün Kargoda","","","","https://www.trendyol.com/deerderi/juno-iphone-hakiki-deri-koruyucu-kilif-iphone-13-pro-p-996776117?merchantId=1155143&filterOverPriceListings=false"
"TY8668436653232","TY8668436653232","499.9","5","28.0","DT65541","Kahverengi","Tek Ebat","","","DEERDERİ","Kapak & Kılıf","Juno İphone Hakiki Deri Koruyucu Kılıf Iphone 13 Pro","","499.9","20","","0.0","https://cdn.dsmcdn.com/ty1767/prod/QC_PREP/20251003/17/e8c2cd00-cb2b-3b29-8320-bba423f5077d/1_org_zoom.jpg","https://cdn.dsmcdn.com/ty1767/prod/QC_PREP/20251003/17/ae65ba2b-1c12-3833-8947-a56da026c68c/1_org_zoom.jpg","","","","","","","1","Bugün Kargoda","","","","https://www.trendyol.com/deerderi/juno-iphone-hakiki-deri-koruyucu-kilif-iphone-13-pro-p-996776100?merchantId=1155143&filterOverPriceListings=false"
"TY869868436655","TY869868436655","499.9","5","28.0","DT6559","Koyu Kahverengi","Tek Ebat","","","DEERDERİ","Kapak & Kılıf","Juno İphone Hakiki Deri Koruyucu Kılıf Iphone 13/14/15","","499.9","20","","0.0","https://cdn.dsmcdn.com/ty1768/prod/QC_PREP/20251003/15/bcba422b-cbb6-3938-91d0-6e9276fab0a3/1_org_zoom.jpg","https://cdn.dsmcdn.com/ty1768/prod/QC_PREP/20251003/15/2d7cc814-61df-3277-beaf-4aab4ecb600f/1_org_zoom.jpg","","","","","","","1","Bugün Kargoda","","","","https://www.trendyol.com/deerderi/juno-iphone-hakiki-deri-koruyucu-kilif-iphone-13-14-15-p-996761392?merchantId=1155143&filterOverPriceListings=false"
"TY8698684366590","TY8698684366590","499.9","6","28.0","DT65458","Koyu Kahverengi","Tek Ebat","","","DEERDERİ","Kapak & Kılıf","Juno İphone Hakiki Deri Koruyucu Kılıf Iphone 12/12 Pro Koyu Kahverengi Uyumlu","- Hakiki deri malzemesiyle üretilmiş, iPhone 12 modelinize özel bir koruma sunar.; - Koyu kahverengi rengiyle şıklığı ve dayanıklılığı bir arada sunar.; - Nemli bir bezle kolayca temizlenebilir; böylece telefonunuz her zaman yeni gibi kalır.; - Apple marka telefonlar için özel olarak tasarlanmıştır, mükemmel uyum sağlar.; - Türkiye'de üretilmiştir; yerel üretimle kaliteyi ön planda tutar.; •TSE standartlarında Türkiye’de el işçiliğiyle titizlilikle üretilmiştir.; •Tüm ürünlerimiz birinci sınıf deriden üretilmiş olup yırtılmalara karşı dayanıklıdır.; •Deri yüzeyindeki ton farklılıkları ve gözenek lekeleri, gerçek derinin doğal yapısından kaynaklanmaktadır.; •Modelimiz mıknatıslıdır.; •Cüzdanlı bir modeldir.; •Ürün isminde yazan model ile uyumludur.; •Stant özelliği sayesinde çok rahat bir şekilde videolarınızı seyredip, sosyal medya hesaplarınızı kullanabilirsiniz.; •Telefona uyumlu içerisindeki silikonlu telefon kılıfı sayesinde telefonunuzu darbelere ve çizilmelere karşı korur.; •İç kısmı kadifedir.; •Ürünlerimiz, özel Premium kutusunda veya alternatifli olarak hediye paketi ile gönderilmektedir.","499.9","20","","0.0","https://cdn.dsmcdn.com/ty1767/prod/QC_ENRICHMENT/20251003/15/8076fa36-64af-3145-8a32-1d5f4e37fc3c/1_org_zoom.jpg","https://cdn.dsmcdn.com/ty1768/prod/QC_PREP/20251003/15/400f84ac-7091-3e26-9b2b-46b57ad96f70/1_org_zoom.jpg","","","","","","","1","Bugün Kargoda","","","","https://www.trendyol.com/deerderi/juno-iphone-hakiki-deri-koruyucu-kilif-iphone-12-12-pro-koyu-kahverengi-uyumlu-p-996756772?merchantId=1155143&filterOverPriceListings=false"
"TY8698684366593","TY8698684366593","999.9","3","28.0","DT65463","Kahverengi","Tek Ebat","","","DEERDERİ","Kapak & Kılıf","Helen İphone Hakiki Deri Telefon Kılıfı Uyumlu Iphone 13/14/15","","999.9","20","","0.0","https://cdn.dsmcdn.com/ty1768/prod/QC_ENRICHMENT/20251003/15/7aa93c3f-3e16-33ea-bc23-0368ed19582d/1_org_zoom.jpg","https://cdn.dsmcdn.com/ty1768/prod/QC_ENRICHMENT/20251003/15/c78b222d-e77f-3abb-810a-c9a34c6b5b3b/1_org_zoom.jpg","https://cdn.dsmcdn.com/ty1769/prod/QC_ENRICHMENT/20251003/15/e1059512-5d69-3497-be08-b867a31982ef/1_org_zoom.jpg","https://cdn.dsmcdn.com/ty1769/prod/QC_ENRICHMENT/20251003/15/55a42f05-57db-387b-97ac-5f2010906a6c/1_org_zoom.jpg","","","","","1","Bugün Kargoda","","","","https://www.trendyol.com/deerderi/helen-iphone-hakiki-deri-telefon-kilifi-uyumlu-iphone-13-14-15-p-991926382?merchantId=1155143&filterOverPriceListings=false"
"TY8698684366591","TY8698684366591","999.9","2","28.0","DT65459","Kahverengi","Tek Ebat","","","DEERDERİ","Kapak & Kılıf","Juno İphone Hakiki Deri Koruyucu Kılıf Iphone 12/12 Pro Uyumlu","•TSE standartlarında Türkiye’de el işçiliğiyle titizlilikle üretilmiştir.; •Tüm ürünlerimiz birinci sınıf deriden üretilmiş olup yırtılmalara karşı dayanıklıdır.; •Deri yüzeyindeki ton farklılıkları ve gözenek lekeleri, gerçek derinin doğal yapısından kaynaklanmaktadır.; •Modelimiz mıknatıslıdır.; •Cüzdanlı bir modeldir.; •Ürün isminde yazan model ile uyumludur.; •Stant özelliği sayesinde çok rahat bir şekilde videolarınızı seyredip, sosyal medya hesaplarınızı kullanabilirsiniz.; •Telefona uyumlu içerisindeki silikonlu telefon kılıfı sayesinde telefonunuzu darbelere ve çizilmelere karşı korur.; •İç kısmı kadifedir.; •Ürünlerimiz, özel Premium kutusunda veya alternatifli olarak hediye paketi ile gönderilmektedir.","999.9","20","","0.0","https://cdn.dsmcdn.com/ty1769/prod/QC_ENRICHMENT/20251003/16/6e6edb50-4957-31fb-a009-1b4595b870a0/1_org_zoom.jpg","https://cdn.dsmcdn.com/ty1768/prod/QC_ENRICHMENT/20251003/16/436d66d5-48fd-3e1b-92d1-771743db43e3/1_org_zoom.jpg","https://cdn.dsmcdn.com/ty1768/prod/QC_ENRICHMENT/20251003/16/99fdf11e-de99-38b0-9a24-4a9b5493b79f/1_org_zoom.jpg","https://cdn.dsmcdn.com/ty1767/prod/QC_ENRICHMENT/20251003/16/8b6df328-f612-3d48-b715-c3bd508bb752/1_org_zoom.jpg","https://cdn.dsmcdn.com/ty1767/prod/QC_ENRICHMENT/20251003/16/2737920f-fafb-31c5-8c5a-dd64a0a9d431/1_org_zoom.jpg","","","","1","Bugün Kargoda","","","","https://www.trendyol.com/deerderi/juno-iphone-hakiki-deri-koruyucu-kilif-iphone-12-12-pro-uyumlu-p-991924185?merchantId=1155143&filterOverPriceListings=false"
"TY8698684366595","TY8698684366595","999.9","2","28.0","DT65465","Kahverengi","Tek Ebat","","","DEERDERİ","Kapak & Kılıf","Helen İphone Hakiki Deri Telefon Kılıfı Iphone 12/12 Pro Uyumlu","","999.9","20","","0.0","https://cdn.dsmcdn.com/ty1769/prod/QC_ENRICHMENT/20251003/16/afc36e09-e6e2-370e-9845-6932990a43b8/1_org_zoom.jpg","https://cdn.dsmcdn.com/ty1768/prod/QC_ENRICHMENT/20251003/15/3afbeda8-adf7-38ba-ac34-78140b27dc80/1_org_zoom.jpg","https://cdn.dsmcdn.com/ty1768/prod/QC_ENRICHMENT/20251003/15/7a81a6cd-3866-319d-b0d9-de856e8d6f8e/1_org_zoom.jpg","https://cdn.dsmcdn.com/ty1767/prod/QC_ENRICHMENT/20251003/15/5dd5c41f-df0a-3c8e-a9b9-62b4220379ea/1_org_zoom.jpg","","","","","1","Bugün Kargoda","","","","https://www.trendyol.com/deerderi/helen-iphone-hakiki-deri-telefon-kilifi-iphone-12-12-pro-uyumlu-p-991905468?merchantId=1155143&filterOverPriceListings=false"
"TY8698684366592","TY8698684366592","999.9","3","28.0","DT65462","Kahverengi","Tek Ebat","","","DEERDERİ","Kapak & Kılıf","Helen İphone Hakiki Deri Telefon Kılıfı Iphone 13 Pro","•TSE standartlarında Türkiye’de el işçiliğiyle titizlilikle üretilmiştir.; •Tüm ürünlerimiz birinci sınıf deriden üretilmiş olup yırtılmalara karşı dayanıklıdır.; •Deri yüzeyindeki ton farklılıkları ve gözenek lekeleri, gerçek derinin doğal yapısından kaynaklanmaktadır.; •Modelimiz mıknatıslıdır.; •Cüzdanlı bir modeldir.; •Ürün isminde yazan model ile uyumludur.; •Telefona uyumlu içerisindeki silikonlu telefon kılıfı sayesinde telefonunuzu darbelere ve çizilmelere karşı korur.; •İç kısmı kadifedir.; •Ürünlerimiz, özel Premium kutusunda veya alternatifli olarak hediye paketi ile gönderilmektedir.","999.9","20","","0.0","https://cdn.dsmcdn.com/ty1768/prod/QC_ENRICHMENT/20251003/16/fbcbbedb-d851-34e8-b500-fc4cd171f102/1_org_zoom.jpg","https://cdn.dsmcdn.com/ty1768/prod/QC_ENRICHMENT/20251003/15/b747c0e5-1865-3c1f-becb-ebca3823292e/1_org_zoom.jpg","https://cdn.dsmcdn.com/ty1769/prod/QC_ENRICHMENT/20251003/15/7453acf2-3718-38ce-8a26-99b179f43a66/1_org_zoom.jpg","https://cdn.dsmcdn.com/ty1767/prod/QC_ENRICHMENT/20251003/15/ba1b6a75-d1cc-32db-a340-047486575fcd/1_org_zoom.jpg","","","","","1","Bugün Kargoda","","","","https://www.trendyol.com/deerderi/helen-iphone-hakiki-deri-telefon-kilifi-iphone-13-pro-p-991905458?merchantId=1155143&filterOverPriceListings=false"
"TY8698684366594","TY8698684366594","999.9","1","28.0","DT65463","Siyah","Tek Ebat","","","DEERDERİ","Kapak & Kılıf","Helen İphone Hakiki Deri Telefon Kılıfı Uyumlu Iphone 13/14/15","","999.9","20","","0.0","https://cdn.dsmcdn.com/ty1767/prod/QC_ENRICHMENT/20251003/15/2660bded-c7df-3bd0-9899-1e44039aff76/1_org_zoom.jpg","https://cdn.dsmcdn.com/ty1768/prod/QC_ENRICHMENT/20251003/15/411e8efb-c6dc-3f11-954b-cd5bb2b8eaae/1_org_zoom.jpg","https://cdn.dsmcdn.com/ty1767/prod/QC_ENRICHMENT/20251003/15/32531617-11e9-3d31-80eb-016580d88cba/1_org_zoom.jpg","https://cdn.dsmcdn.com/ty1767/prod/QC_ENRICHMENT/20251003/15/696b7fac-8c14-3598-8259-ff0aa1094180/1_org_zoom.jpg","","","","","1","Bugün Kargoda","","","","https://www.trendyol.com/deerderi/helen-iphone-hakiki-deri-telefon-kilifi-uyumlu-iphone-13-14-15-p-991885432?merchantId=1155143&filterOverPriceListings=false"
"TY8698684366587","TY8698684366587","499.9","5","28.0","DT6558","Lacivert","Tek Ebat","","","DEERDERİ","Kapak & Kılıf","Juno İphone Hakiki Deri Koruyucu Kılıf Uyumlu Iphone 13/14/15","•TSE standartlarında Türkiye’de el işçiliğiyle titizlilikle üretilmiştir.; •Tüm ürünlerimiz birinci sınıf deriden üretilmiş olup yırtılmalara karşı dayanıklıdır.; •Deri yüzeyindeki ton farklılıkları ve gözenek lekeleri, gerçek derinin doğal yapısından kaynaklanmaktadır.; •Modelimiz mıknatıslıdır.; •Ürün isminde yazan model ile uyumludur.; •Telefona uyumlu içerisindeki silikonlu telefon kılıfı sayesinde telefonunuzu darbelere ve çizilmelere karşı korur.; •İç kısmı kadifedir.; •Ürünlerimiz, özel Premium kutusunda veya alternatifli olarak hediye paketi ile gönderilmektedir.","499.9","20","","0.0","https://cdn.dsmcdn.com/ty1768/prod/QC_ENRICHMENT/20251003/15/64cd20ed-5eea-3efe-b9fc-179feec42506/1_org_zoom.jpg","https://cdn.dsmcdn.com/ty1768/prod/QC_ENRICHMENT/20251003/15/d133b35d-272a-309c-9a86-288d8ad5331f/1_org_zoom.jpg","https://cdn.dsmcdn.com/ty1767/prod/QC_ENRICHMENT/20251003/15/0f706908-6557-3e68-9fde-76dcf6536c8c/1_org_zoom.jpg","","","","","","1","Bugün Kargoda","","","","https://www.trendyol.com/deerderi/juno-iphone-hakiki-deri-koruyucu-kilif-uyumlu-iphone-13-14-15-p-991781178?merchantId=1155143&filterOverPriceListings=false"
"TY8698684366585","TY8698684366585","499.9","5","28.0","DT6558","Gri","Tek Ebat","","","DEERDERİ","Kapak & Kılıf","Juno İphone Hakiki Deri Koruyucu Kılıf Uyumlu Iphone 13/14/15","•TSE standartlarında Türkiye’de el işçiliğiyle titizlilikle üretilmiştir.; •Tüm ürünlerimiz birinci sınıf deriden üretilmiş olup yırtılmalara karşı dayanıklıdır.; •Deri yüzeyindeki ton farklılıkları ve gözenek lekeleri, gerçek derinin doğal yapısından kaynaklanmaktadır.; •Modelimiz mıknatıslıdır.; •Ürün isminde yazan model ile uyumludur.; •Telefona uyumlu içerisindeki silikonlu telefon kılıfı sayesinde telefonunuzu darbelere ve çizilmelere karşı korur.; •İç kısmı kadifedir.; •Ürünlerimiz, özel Premium kutusunda veya alternatifli olarak hediye paketi ile gönderilmektedir.","499.9","20","","0.0","https://cdn.dsmcdn.com/ty1766/prod/QC_ENRICHMENT/20251002/10/277e2618-7cb3-3443-ba1f-05eee9f6d59e/1_org_zoom.jpg","https://cdn.dsmcdn.com/ty1764/prod/QC_ENRICHMENT/20251002/10/fa26728f-2556-3194-909a-7cff1c92f229/1_org_zoom.jpg","","","","","","","1","Bugün Kargoda","","","","https://www.trendyol.com/deerderi/juno-iphone-hakiki-deri-koruyucu-kilif-uyumlu-iphone-13-14-15-p-991780925?merchantId=1155143&filterOverPriceListings=false"
"TY8698684366586","TY8698684366586","499.9","8","28.0","DT6558","Kahverengi","Tek Ebat","","","DEERDERİ","Kapak & Kılıf","İphone Hakiki Deri Koruyucu uyumlu Kılıf Iphone 13/14/15","•TSE standartlarında Türkiye’de el işçiliğiyle titizlilikle üretilmiştir.; •Tüm ürünlerimiz birinci sınıf deriden üretilmiş olup yırtılmalara karşı dayanıklıdır.; •Deri yüzeyindeki ton farklılıkları ve gözenek lekeleri, gerçek derinin doğal yapısından kaynaklanmaktadır.; •Modelimiz mıknatıslıdır.; •Ürün isminde yazan model ile uyumludur.; •Telefona uyumlu içerisindeki silikonlu telefon kılıfı sayesinde telefonunuzu darbelere ve çizilmelere karşı korur.; •İç kısmı kadifedir.; •Ürünlerimiz, özel Premium kutusunda veya alternatifli olarak hediye paketi ile gönderilmektedir.","499.9","20","","0.0","https://cdn.dsmcdn.com/ty1767/prod/QC_ENRICHMENT/20251003/15/aea1d393-ea02-365a-860e-1b8f2ca42afe/1_org_zoom.jpg","https://cdn.dsmcdn.com/ty1769/prod/QC_ENRICHMENT/20251003/15/b99fb8be-c92e-3350-8a99-9e86a19e0fdb/1_org_zoom.jpg","","","","","","","1","Bugün Kargoda","","","","https://www.trendyol.com/deerderi/iphone-hakiki-deri-koruyucu-uyumlu-kilif-iphone-13-14-15-p-991780915?merchantId=1155143&filterOverPriceListings=false"
"TY8698684366588","TY8698684366588","499.9","3","28.0","DT6558","Siyah","Tek Ebat","","","DEERDERİ","Kapak & Kılıf","Juno İphone Hakiki Deri Koruyucu Kılıf Uyumlu Iphone 13/14/15","•TSE standartlarında Türkiye’de el işçiliğiyle titizlilikle üretilmiştir.; •Tüm ürünlerimiz birinci sınıf deriden üretilmiş olup yırtılmalara karşı dayanıklıdır.; •Deri yüzeyindeki ton farklılıkları ve gözenek lekeleri, gerçek derinin doğal yapısından kaynaklanmaktadır.; •Modelimiz mıknatıslıdır.; •Ürün isminde yazan model ile uyumludur.; •Telefona uyumlu içerisindeki silikonlu telefon kılıfı sayesinde telefonunuzu darbelere ve çizilmelere karşı korur.; •İç kısmı kadifedir.; •Ürünlerimiz, özel Premium kutusunda veya alternatifli olarak hediye paketi ile gönderilmektedir.","499.9","20","","0.0","https://cdn.dsmcdn.com/ty1790/prod/QC_ENRICHMENT/20251112/10/85f8956e-0e42-3b44-9a3c-e2c33d22cdf2/1_org_zoom.jpg","https://cdn.dsmcdn.com/ty1766/prod/QC_ENRICHMENT/20251002/10/e3128872-4334-38a4-9753-fa2c0921ec71/1_org_zoom.jpg","","","","","","","1","Bugün Kargoda","","","","https://www.trendyol.com/deerderi/juno-iphone-hakiki-deri-koruyucu-kilif-uyumlu-iphone-13-14-15-p-991780825?merchantId=1155143&filterOverPriceListings=false"
"TY8698684370148","TY8698684370148","499.9","5","28.0","DT65453","Gri","Tek Ebat","","","DEERDERİ","Kapak & Kılıf","Juno İphone Hakiki Deri Koruyucu Kılıf Iphone 12/12 Pro Uyumlu","•TSE standartlarında Türkiye’de el işçiliğiyle titizlilikle üretilmiştir.; •Tüm ürünlerimiz birinci sınıf deriden üretilmiş olup yırtılmalara karşı dayanıklıdır.; •Deri yüzeyindeki ton farklılıkları ve gözenek lekeleri, gerçek derinin doğal yapısından kaynaklanmaktadır.; •Modelimiz mıknatıslıdır.; •Ürün isminde yazan model ile uyumludur.; •Telefona uyumlu içerisindeki silikonlu telefon kılıfı sayesinde telefonunuzu darbelere ve çizilmelere karşı korur.; •İç kısmı kadifedir.; •Ürünlerimiz, özel Premium kutusunda veya alternatifli olarak hediye paketi ile gönderilmektedir.","499.9","20","","0.0","https://cdn.dsmcdn.com/ty1769/prod/QC_ENRICHMENT/20251003/15/8c372a54-603a-34d3-b4ef-8eee0a4144de/1_org_zoom.jpg","https://cdn.dsmcdn.com/ty1769/prod/QC_ENRICHMENT/20251003/15/5cbe5f5f-b903-3dc9-b52c-4c94aed995d1/1_org_zoom.jpg","","","","","","","1","Bugün Kargoda","","","","https://www.trendyol.com/deerderi/juno-iphone-hakiki-deri-koruyucu-kilif-iphone-12-12-pro-uyumlu-p-991778863?merchantId=1155143&filterOverPriceListings=false"
"TY86982688088450","TY86982688088450","499.9","4","28.0","DT65453","Lacivert","Tek Ebat","","","DEERDERİ","Kapak & Kılıf","Juno İphone Hakiki Deri Koruyucu Kılıf Iphone 12/12 Pro uyumlu","•TSE standartlarında Türkiye’de el işçiliğiyle titizlilikle üretilmiştir.; •Tüm ürünlerimiz birinci sınıf deriden üretilmiş olup yırtılmalara karşı dayanıklıdır.; •Deri yüzeyindeki ton farklılıkları ve gözenek lekeleri, gerçek derinin doğal yapısından kaynaklanmaktadır.; •Modelimiz mıknatıslıdır.; •Ürün isminde yazan model ile uyumludur.; •Telefona uyumlu içerisindeki silikonlu telefon kılıfı sayesinde telefonunuzu darbelere ve çizilmelere karşı korur.; •İç kısmı kadifedir.; •Ürünlerimiz, özel Premium kutusunda veya alternatifli olarak hediye paketi ile gönderilmektedir.","499.9","20","","0.0","https://cdn.dsmcdn.com/ty1769/prod/QC_ENRICHMENT/20251003/15/f2beec3d-806c-35b0-b7a3-daf3c05d8a45/1_org_zoom.jpg","https://cdn.dsmcdn.com/ty1769/prod/QC_ENRICHMENT/20251003/15/ad299035-035b-3b9e-968e-a1b8263a1db8/1_org_zoom.jpg","","","","","","","1","Bugün Kargoda","","","","https://www.trendyol.com/deerderi/juno-iphone-hakiki-deri-koruyucu-kilif-iphone-12-12-pro-uyumlu-p-991778842?merchantId=1155143&filterOverPriceListings=false"
"TY8698703025561","TY8698703025561","499.9","7","28.0","DT65453","Kahverengi","Tek Ebat","","","DEERDERİ","Kapak & Kılıf","Juno İphone Hakiki Deri Koruyucu Kılıf Iphone 12/12 Pro Uyumlu","•TSE standartlarında Türkiye’de el işçiliğiyle titizlilikle üretilmiştir.; •Tüm ürünlerimiz birinci sınıf deriden üretilmiş olup yırtılmalara karşı dayanıklıdır.; •Deri yüzeyindeki ton farklılıkları ve gözenek lekeleri, gerçek derinin doğal yapısından kaynaklanmaktadır.; •Modelimiz mıknatıslıdır.; •Ürün isminde yazan model ile uyumludur.; •Telefona uyumlu içerisindeki silikonlu telefon kılıfı sayesinde telefonunuzu darbelere ve çizilmelere karşı korur.; •İç kısmı kadifedir.; •Ürünlerimiz, özel Premium kutusunda veya alternatifli olarak hediye paketi ile gönderilmektedir.","499.9","20","","0.0","https://cdn.dsmcdn.com/ty1767/prod/QC_ENRICHMENT/20251003/15/6b216d02-3e2f-32cb-b326-ee692e339995/1_org_zoom.jpg","https://cdn.dsmcdn.com/ty1769/prod/QC_ENRICHMENT/20251003/15/a040898b-cfff-3630-ade0-ec52f9b9feb4/1_org_zoom.jpg","","","","","","","1","Bugün Kargoda","","","","https://www.trendyol.com/deerderi/juno-iphone-hakiki-deri-koruyucu-kilif-iphone-12-12-pro-uyumlu-p-991778736?merchantId=1155143&filterOverPriceListings=false"
"TY8680801608401","TY8680801608401","499.9","5","28.0","DT65447","Kahverengi","Tek Ebat","","","DEERDERİ","Kapak & Kılıf","Juno Iphone 11 Hakiki Deri Koruyucu Kılıf","•TSE standartlarında Türkiye’de el işçiliğiyle titizlilikle üretilmiştir.; •Tüm ürünlerimiz birinci sınıf deriden üretilmiş olup yırtılmalara karşı dayanıklıdır.; •Deri yüzeyindeki ton farklılıkları ve gözenek lekeleri, gerçek derinin doğal yapısından kaynaklanmaktadır.; •Modelimiz mıknatıslıdır.; •Ürün isminde yazan model ile uyumludur.; •Telefona uyumlu içerisindeki silikonlu telefon kılıfı sayesinde telefonunuzu darbelere ve çizilmelere karşı korur.; •İç kısmı kadifedir.; •Ürünlerimiz, özel Premium kutusunda veya alternatifli olarak hediye paketi ile gönderilmektedir.","499.9","20","","0.0","https://cdn.dsmcdn.com/ty1769/prod/QC_ENRICHMENT/20251006/17/599f7f25-a8e2-3882-9d5a-8b188eb336de/1_org_zoom.jpg","https://cdn.dsmcdn.com/ty1769/prod/QC_ENRICHMENT/20251003/15/10dfe691-32ce-354b-804f-54b3df466372/1_org_zoom.jpg","","","","","","","1","Bugün Kargoda","","","","https://www.trendyol.com/deerderi/juno-iphone-11-hakiki-deri-koruyucu-kilif-p-991776356?merchantId=1155143&filterOverPriceListings=false"
"TY8698268808845","TY8698268808845","499.9","4","28.0","DT65447","Lacivert","Tek Ebat","","","DEERDERİ","Kapak & Kılıf","Juno Iphone 11 Hakiki Deri Koruyucu Kılıf","•TSE standartlarında Türkiye’de el işçiliğiyle titizlilikle üretilmiştir.; •Tüm ürünlerimiz birinci sınıf deriden üretilmiş olup yırtılmalara karşı dayanıklıdır.; •Deri yüzeyindeki ton farklılıkları ve gözenek lekeleri, gerçek derinin doğal yapısından kaynaklanmaktadır.; •Modelimiz mıknatıslıdır.; •Ürün isminde yazan model ile uyumludur.; •Telefona uyumlu içerisindeki silikonlu telefon kılıfı sayesinde telefonunuzu darbelere ve çizilmelere karşı korur.; •İç kısmı kadifedir.; •Ürünlerimiz, özel Premium kutusunda veya alternatifli olarak hediye paketi ile gönderilmektedir.","499.9","20","","0.0","https://cdn.dsmcdn.com/ty1768/prod/QC_ENRICHMENT/20251003/15/c9461ee7-6cc0-313e-b247-8e0a9e54586a/1_org_zoom.jpg","https://cdn.dsmcdn.com/ty1768/prod/QC_ENRICHMENT/20251003/15/e95a5c08-3586-3ce0-9f0e-66e94cb01c37/1_org_zoom.jpg","","","","","","","1","Bugün Kargoda","","","","https://www.trendyol.com/deerderi/juno-iphone-11-hakiki-deri-koruyucu-kilif-p-991776344?merchantId=1155143&filterOverPriceListings=false"
"TY6972280221069","TY6972280221069","499.9","4","28.0","DT65447","Gri","Tek Ebat","","","DEERDERİ","Kapak & Kılıf","Juno Iphone 11 Hakiki Deri Koruyucu Kılıf","•TSE standartlarında Türkiye’de el işçiliğiyle titizlilikle üretilmiştir.; •Tüm ürünlerimiz birinci sınıf deriden üretilmiş olup yırtılmalara karşı dayanıklıdır.; •Deri yüzeyindeki ton farklılıkları ve gözenek lekeleri, gerçek derinin doğal yapısından kaynaklanmaktadır.; •Modelimiz mıknatıslıdır.; •Ürün isminde yazan model ile uyumludur.; •Telefona uyumlu içerisindeki silikonlu telefon kılıfı sayesinde telefonunuzu darbelere ve çizilmelere karşı korur.; •İç kısmı kadifedir.; •Ürünlerimiz, özel Premium kutusunda veya alternatifli olarak hediye paketi ile gönderilmektedir.","499.9","20","","0.0","https://cdn.dsmcdn.com/ty1768/prod/QC_ENRICHMENT/20251003/15/81f162c1-9e4b-3501-b081-d74c59d78427/1_org_zoom.jpg","https://cdn.dsmcdn.com/ty1769/prod/QC_ENRICHMENT/20251003/15/08c465f0-7f22-3487-8c02-a2b0b4d3a223/1_org_zoom.jpg","","","","","","","1","Bugün Kargoda","","","","https://www.trendyol.com/deerderi/juno-iphone-11-hakiki-deri-koruyucu-kilif-p-991776333?merchantId=1155143&filterOverPriceListings=false"
